{"stats":{"minecraft:crafted":{"minecraft:oak_planks":2314,"minecraft:leather_horse_armor":3,"minecraft:birch_boat":1,"minecraft:cooked_chicken":285,"minecraft:lightning_rod":4,"minecraft:stone":509,"minecraft:cobblestone_stairs":4,"minecraft:diamond_shovel":1,"minecraft:bookshelf":25,"minecraft:cooked_mutton":2,"minecraft:glass":129,"minecraft:diamond_helmet":1,"minecraft:diamond_leggings":1,"minecraft:birch_fence_gate":19,"minecraft:chest":27,"minecraft:copper_block":1,"minecraft:dried_kelp_block":54,"minecraft:stone_hoe":7,"minecraft:stone_bricks":84,"minecraft:polished_diorite_slab":42,"minecraft:golden_axe":1,"minecraft:deepslate":58,"minecraft:arrow":440,"minecraft:cauldron":1,"minecraft:cooked_porkchop":119,"minecraft:diamond_axe":1,"minecraft:crafting_table":2,"minecraft:spruce_planks":708,"minecraft:wooden_pickaxe":1,"minecraft:baked_potato":62,"minecraft:golden_pickaxe":1,"minecraft:copper_ingot":23,"minecraft:fletching_table":1,"minecraft:hay_block":34,"minecraft:birch_planks":834,"minecraft:pumpkin_seeds":44,"minecraft:tnt":2,"minecraft:paper":201,"minecraft:book":47,"minecraft:diamond_pickaxe":1,"minecraft:shield":1,"minecraft:birch_fence":132,"minecraft:stick":672,"minecraft:iron_ingot":45,"minecraft:iron_pickaxe":7,"minecraft:stone_sword":12,"minecraft:gold_ingot":9,"minecraft:polished_diorite_stairs":32,"minecraft:birch_stairs":4,"minecraft:shears":2,"minecraft:stone_shovel":19,"minecraft:fishing_rod":1,"minecraft:golden_chestplate":1,"minecraft:diamond_hoe":1,"minecraft:furnace":1,"minecraft:spruce_fence":3,"minecraft:spruce_stairs":4,"minecraft:polished_diorite":192,"minecraft:polished_deepslate":2,"minecraft:stone_pickaxe":50,"minecraft:cobblestone_wall":258,"minecraft:diamond_boots":1,"minecraft:cooked_beef":164,"minecraft:sugar":158,"minecraft:cooked_cod":27,"minecraft:crimson_planks":54,"minecraft:diamond_sword":1,"minecraft:dried_kelp":498,"minecraft:iron_sword":1,"minecraft:bowl":4,"minecraft:cooked_salmon":29,"minecraft:stone_axe":30,"minecraft:bread":5,"minecraft:air":0,"minecraft:oak_boat":4,"minecraft:pumpkin_pie":72,"minecraft:torch":100,"minecraft:carrot_on_a_stick":1,"minecraft:diamond_chestplate":1},"minecraft:mined":{"minecraft:spruce_planks":121,"minecraft:white_bed":8,"minecraft:oak_sapling":3,"minecraft:farmland":28,"minecraft:carved_pumpkin":2,"minecraft:granite":511,"minecraft:grass_block":1671,"minecraft:polished_diorite":24,"minecraft:mud_brick_wall":2,"minecraft:mud_bricks":252,"minecraft:crimson_fungus":1,"minecraft:oxeye_daisy":2,"minecraft:weeping_vines_plant":1,"minecraft:tall_seagrass":16,"minecraft:iron_ore":29,"minecraft:cobbled_deepslate":10,"minecraft:pumpkin":68,"minecraft:deepslate_lapis_ore":15,"minecraft:azure_bluet":4,"minecraft:enchanting_table":2,"minecraft:dirt_path":263,"minecraft:deepslate_redstone_ore":4,"minecraft:brown_mushroom":35,"minecraft:cyan_terracotta":43,"minecraft:kelp_plant":7,"minecraft:orange_terracotta":18,"minecraft:torch":46,"minecraft:mud_brick_stairs":3,"minecraft:poppy":2,"minecraft:chest":6,"minecraft:dead_bush":1,"minecraft:glass":29,"minecraft:cobblestone":247,"minecraft:grindstone":1,"minecraft:bricks":105,"minecraft:sugar_cane":277,"minecraft:oak_planks":86,"minecraft:wall_torch":11,"minecraft:birch_sapling":2,"minecraft:polished_diorite_stairs":4,"minecraft:seagrass":13,"minecraft:white_terracotta":96,"minecraft:blue_terracotta":44,"minecraft:mud":1,"minecraft:birch_log":112,"minecraft:wheat":979,"minecraft:lilac":1,"minecraft:pumpkin_stem":1,"minecraft:yellow_glazed_terracotta":6,"minecraft:oak_log":125,"minecraft:loom":1,"minecraft:sand":100,"minecraft:dirt":1205,"minecraft:yellow_terracotta":12,"minecraft:suspicious_gravel":3,"minecraft:oak_leaves":215,"minecraft:deepslate":395,"minecraft:attached_pumpkin_stem":2,"minecraft:tuff":84,"minecraft:mossy_cobblestone":1,"minecraft:deepslate_diamond_ore":6,"minecraft:oak_door":1,"minecraft:glow_lichen":2,"minecraft:birch_fence_gate":31,"minecraft:ladder":8,"minecraft:spruce_fence":1,"minecraft:crimson_roots":1,"minecraft:birch_slab":6,"minecraft:spruce_leaves":210,"minecraft:kelp":13,"minecraft:rooted_dirt":1,"minecraft:crimson_stem":6,"minecraft:large_fern":13,"minecraft:hay_block":6,"minecraft:packed_mud":41,"minecraft:spruce_sapling":1,"minecraft:furnace":1,"minecraft:carrots":161,"minecraft:andesite":62,"minecraft:bookshelf":14,"minecraft:potatoes":52,"minecraft:deepslate_iron_ore":18,"minecraft:blue_glazed_terracotta":1,"minecraft:stone":5462,"minecraft:white_wool":1,"minecraft:orange_glazed_terracotta":9,"minecraft:podzol":3,"minecraft:mud_brick_slab":3,"minecraft:birch_stairs":1,"minecraft:dandelion":25,"minecraft:spruce_door":3,"minecraft:crafting_table":1,"minecraft:cornflower":2,"minecraft:short_grass":119,"minecraft:rose_bush":10,"minecraft:lightning_rod":3,"minecraft:copper_ore":63,"minecraft:tall_grass":8,"minecraft:red_glazed_terracotta":4,"minecraft:lapis_ore":7,"minecraft:diorite":81,"minecraft:red_terracotta":21,"minecraft:brick_slab":1,"minecraft:coarse_dirt":35,"minecraft:birch_planks":28,"minecraft:cobblestone_wall":38,"minecraft:sweet_berry_bush":34,"minecraft:spruce_log":174,"minecraft:birch_leaves":31,"minecraft:coal_ore":210,"minecraft:gravel":1941,"minecraft:stone_bricks":60,"minecraft:birch_fence":146,"minecraft:fern":19},"minecraft:picked_up":{"minecraft:seagrass":23,"minecraft:iron_chestplate":5,"minecraft:wheat":995,"minecraft:suspicious_stew":1,"minecraft:lead":135,"minecraft:polished_deepslate":4,"minecraft:string":57,"minecraft:raw_copper":256,"minecraft:cooked_salmon":1,"minecraft:orange_glazed_terracotta":9,"minecraft:iron_leggings":7,"minecraft:pufferfish":1,"minecraft:cobbled_deepslate":502,"minecraft:bucket":2,"minecraft:spruce_planks":330,"minecraft:rose_bush":10,"minecraft:wooden_shovel":2,"minecraft:iron_pickaxe":10,"minecraft:iron_boots":7,"minecraft:furnace":1,"minecraft:golden_helmet":1,"minecraft:stick":335,"minecraft:torch":235,"minecraft:porkchop":135,"minecraft:dried_kelp":1,"minecraft:lightning_rod":6,"minecraft:diorite":123,"minecraft:stone_sword":23,"minecraft:rotten_flesh":204,"minecraft:blue_glazed_terracotta":1,"minecraft:cyan_terracotta":41,"minecraft:carved_pumpkin":2,"minecraft:white_terracotta":94,"minecraft:cobblestone":7028,"minecraft:birch_log":184,"minecraft:enchanting_table":2,"minecraft:cooked_beef":27,"minecraft:leather_chestplate":2,"minecraft:polished_diorite_slab":42,"minecraft:feather":423,"minecraft:lilac":6,"minecraft:birch_slab":20,"minecraft:water_bucket":2,"minecraft:andesite":61,"minecraft:mud_brick_stairs":3,"minecraft:potato":176,"minecraft:flint":207,"minecraft:tuff":82,"minecraft:lapis_lazuli":159,"minecraft:dirt":4420,"minecraft:glass":22,"minecraft:bone":133,"minecraft:bow":19,"minecraft:wheat_seeds":2984,"minecraft:grindstone":1,"minecraft:stone_hoe":2,"minecraft:oak_planks":136,"minecraft:cooked_porkchop":46,"minecraft:birch_fence_gate":65,"minecraft:sand":185,"minecraft:loom":1,"minecraft:spectral_arrow":39,"minecraft:red_terracotta":21,"minecraft:mossy_cobblestone":1,"minecraft:blue_terracotta":39,"minecraft:diamond":6,"minecraft:crossbow":5,"minecraft:granite":504,"minecraft:bone_meal":2,"minecraft:bread":98,"minecraft:mud_brick_slab":3,"minecraft:rooted_dirt":2,"minecraft:mud":1,"minecraft:oak_sapling":102,"minecraft:bricks":104,"minecraft:netherrack":4,"minecraft:oak_leaves":38,"minecraft:crimson_roots":1,"minecraft:fishing_rod":3,"minecraft:spruce_leaves":96,"minecraft:coarse_dirt":35,"minecraft:charcoal":4,"minecraft:crafting_table":2,"minecraft:azure_bluet":5,"minecraft:ominous_bottle":6,"minecraft:chicken":326,"minecraft:ladder":8,"minecraft:leather_leggings":1,"minecraft:brown_mushroom":42,"minecraft:stone_brick_wall":1,"minecraft:shield":12,"minecraft:cornflower":2,"minecraft:moss_carpet":2,"minecraft:wooden_sword":1,"minecraft:item_frame":2,"minecraft:birch_fence":211,"minecraft:beef":175,"minecraft:oak_boat":15,"minecraft:iron_nugget":2,"minecraft:poppy":3,"minecraft:sugar_cane":494,"minecraft:chest":6,"minecraft:birch_sapling":48,"minecraft:phantom_membrane":1,"minecraft:egg":1086,"minecraft:raw_iron":69,"minecraft:stone":90,"minecraft:oak_door":3,"minecraft:copper_ingot":54,"minecraft:spruce_fence":1,"minecraft:fire_charge":1,"minecraft:carrot":538,"minecraft:redstone":19,"minecraft:arrow":369,"minecraft:weeping_vines":1,"minecraft:stone_shovel":15,"minecraft:cooked_cod":5,"minecraft:shears":5,"minecraft:hay_block":18,"minecraft:yellow_terracotta":12,"minecraft:mutton":7,"minecraft:white_wool":5,"minecraft:oxeye_daisy":2,"minecraft:mud_bricks":236,"minecraft:crimson_stem":5,"minecraft:salmon":20,"minecraft:leather":189,"minecraft:red_glazed_terracotta":6,"minecraft:carrot_on_a_stick":4,"minecraft:filled_map":2,"minecraft:birch_planks":178,"minecraft:packed_mud":41,"minecraft:crimson_fungus":1,"minecraft:oak_log":151,"minecraft:yellow_glazed_terracotta":18,"minecraft:cobblestone_wall":345,"minecraft:golden_boots":3,"minecraft:gunpowder":17,"minecraft:paper":14,"minecraft:white_banner":9,"minecraft:orange_terracotta":18,"minecraft:cooked_mutton":2,"minecraft:apple":5,"minecraft:stone_bricks":256,"minecraft:kelp":56,"minecraft:iron_ingot":43,"minecraft:stone_pickaxe":58,"minecraft:cooked_chicken":41,"minecraft:iron_sword":4,"minecraft:book":43,"minecraft:birch_boat":10,"minecraft:pumpkin":72,"minecraft:sweet_berries":98,"minecraft:stone_brick_slab":1,"minecraft:quartz":3,"minecraft:dandelion":33,"minecraft:gravel":1810,"minecraft:birch_stairs":1,"minecraft:spruce_sapling":49,"minecraft:mud_brick_wall":2,"minecraft:white_bed":8,"minecraft:spruce_log":163,"minecraft:spruce_door":3,"minecraft:spider_eye":20,"minecraft:brick_slab":1,"minecraft:polished_diorite_stairs":19,"minecraft:pumpkin_seeds":65,"minecraft:polished_diorite":249,"minecraft:stone_axe":27,"minecraft:iron_helmet":3,"minecraft:coal":277,"minecraft:ender_pearl":1},"minecraft:used":{"minecraft:carrot_on_a_stick":4,"minecraft:poppy":2,"minecraft:chest":31,"minecraft:shield":74,"minecraft:stone":237,"minecraft:iron_sword":144,"minecraft:spruce_leaves":83,"minecraft:carrot":228,"minecraft:azure_bluet":5,"minecraft:milk_bucket":1,"minecraft:glass":151,"minecraft:birch_sapling":10,"minecraft:stone_bricks":272,"minecraft:bow":640,"minecraft:hay_block":7,"minecraft:sweet_berries":30,"minecraft:oak_sapling":14,"minecraft:furnace":2,"minecraft:cooked_cod":13,"minecraft:polished_diorite_stairs":19,"minecraft:egg":946,"minecraft:potato":115,"minecraft:diorite":3,"minecraft:spruce_door":5,"minecraft:stone_pickaxe":6167,"minecraft:oak_planks":106,"minecraft:wooden_pickaxe":62,"minecraft:sugar_cane":59,"minecraft:oak_leaves":2,"minecraft:white_wool":1,"minecraft:crossbow":1,"minecraft:pumpkin_seeds":52,"minecraft:shears":99,"minecraft:lightning_rod":4,"minecraft:birch_fence":309,"minecraft:birch_fence_gate":50,"minecraft:birch_slab":12,"minecraft:bread":70,"minecraft:gravel":65,"minecraft:fire_charge":1,"minecraft:wooden_sword":30,"minecraft:birch_log":3,"minecraft:oak_boat":17,"minecraft:golden_pickaxe":32,"minecraft:enchanting_table":2,"minecraft:stone_sword":756,"minecraft:flint_and_steel":3,"minecraft:stone_shovel":2757,"minecraft:spruce_planks":301,"minecraft:cooked_salmon":6,"minecraft:wooden_shovel":59,"minecraft:stone_hoe":543,"minecraft:cooked_chicken":63,"minecraft:oak_door":3,"minecraft:torch":156,"minecraft:dirt":3085,"minecraft:spruce_stairs":4,"minecraft:cobblestone_wall":207,"minecraft:spruce_fence":3,"minecraft:polished_diorite":56,"minecraft:bookshelf":25,"minecraft:rooted_dirt":1,"minecraft:mud_bricks":1,"minecraft:beef":1,"minecraft:cooked_beef":31,"minecraft:cobbled_deepslate":9,"minecraft:pumpkin":4,"minecraft:golden_axe":27,"minecraft:wheat_seeds":698,"minecraft:cooked_mutton":2,"minecraft:water_bucket":171,"minecraft:cobblestone_stairs":4,"minecraft:birch_planks":57,"minecraft:lead":2,"minecraft:baked_potato":5,"minecraft:birch_boat":5,"minecraft:cauldron":1,"minecraft:fletching_table":1,"minecraft:tnt":2,"minecraft:crafting_table":3,"minecraft:white_bed":8,"minecraft:diamond_pickaxe":1304,"minecraft:oxeye_daisy":2,"minecraft:cornflower":2,"minecraft:flower_pot":2,"minecraft:apple":3,"minecraft:chicken":1,"minecraft:iron_pickaxe":1577,"minecraft:suspicious_stew":1,"minecraft:spruce_sapling":22,"minecraft:stone_axe":809,"minecraft:cobblestone":2959,"minecraft:white_banner":2,"minecraft:cooked_porkchop":30,"minecraft:bucket":169,"minecraft:pumpkin_pie":7,"minecraft:dandelion":24,"minecraft:birch_stairs":5},"minecraft:custom":{"minecraft:animals_bred":482,"minecraft:interact_with_crafting_table":220,"minecraft:leave_game":16,"minecraft:time_since_death":219532,"minecraft:sprint_one_cm":3149618,"minecraft:damage_blocked_by_shield":1156,"minecraft:drop":300,"minecraft:talked_to_villager":8,"minecraft:play_time":3293871,"minecraft:deaths":17,"minecraft:jump":14367,"minecraft:walk_on_water_one_cm":431748,"minecraft:enchant_item":6,"minecraft:interact_with_furnace":263,"minecraft:interact_with_cartography_table":2,"minecraft:interact_with_loom":2,"minecraft:sleep_in_bed":71,"minecraft:damage_dealt":20760,"minecraft:player_kills":2,"minecraft:crouch_one_cm":12232,"minecraft:interact_with_smithing_table":3,"minecraft:horse_one_cm":14860,"minecraft:interact_with_anvil":8,"minecraft:mob_kills":741,"minecraft:climb_one_cm":4327,"minecraft:walk_one_cm":14761589,"minecraft:sneak_time":4566,"minecraft:walk_under_water_one_cm":231323,"minecraft:boat_one_cm":1716436,"minecraft:total_world_time":3293871,"minecraft:pot_flower":2,"minecraft:time_since_rest":79255,"minecraft:damage_taken":16522,"minecraft:swim_one_cm":473412,"minecraft:fly_one_cm":1092269,"minecraft:pig_one_cm":340,"minecraft:open_chest":1298,"minecraft:fall_one_cm":181417},"minecraft:killed":{"minecraft:spider":20,"minecraft:skeleton":22,"minecraft:fox":1,"minecraft:chicken":237,"minecraft:pig":27,"minecraft:zombie_villager":1,"minecraft:salmon":15,"minecraft:creeper":5,"minecraft:sheep":3,"minecraft:trader_llama":1,"minecraft:pillager":9,"minecraft:zombie":39,"minecraft:cow":53,"minecraft:phantom":2,"minecraft:drowned":11,"minecraft:bat":2,"minecraft:wandering_trader":2},"minecraft:dropped":{"minecraft:iron_sword":3,"minecraft:brown_mushroom":4,"minecraft:porkchop":9,"minecraft:cooked_beef":8,"minecraft:cooked_porkchop":29,"minecraft:dirt":4,"minecraft:cooked_cod":2,"minecraft:iron_pickaxe":6,"minecraft:fishing_rod":1,"minecraft:bone":2,"minecraft:stone_axe":25,"minecraft:sugar_cane":2,"minecraft:cooked_chicken":9,"minecraft:wheat":2,"minecraft:rotten_flesh":3,"minecraft:oak_planks":1,"minecraft:carrot":22,"minecraft:birch_fence_gate":1,"minecraft:gunpowder":4,"minecraft:arrow":1,"minecraft:egg":12,"minecraft:stone_hoe":2,"minecraft:bread":93,"minecraft:wheat_seeds":130,"minecraft:lead":2,"minecraft:cobblestone":756,"minecraft:book":1,"minecraft:apple":2,"minecraft:coal":2,"minecraft:stick":59,"minecraft:diorite":3,"minecraft:torch":51,"minecraft:cooked_salmon":1,"minecraft:dried_kelp":1,"minecraft:string":1,"minecraft:bucket":2,"minecraft:polished_deepslate":4,"minecraft:moss_carpet":2,"minecraft:sweet_berries":13,"minecraft:stone_sword":8,"minecraft:stone_shovel":4,"minecraft:raw_iron":33,"minecraft:chicken":8,"minecraft:shears":1,"minecraft:pumpkin_seeds":21,"minecraft:filled_map":2,"minecraft:stone":1,"minecraft:shield":3,"minecraft:bow":1,"minecraft:stone_pickaxe":20},"minecraft:killed_by":{"minecraft:creeper":4,"minecraft:witch":1,"minecraft:zombie":3,"minecraft:player":1,"minecraft:spider":1,"minecraft:enderman":1,"minecraft:skeleton":2,"minecraft:phantom":1},"minecraft:broken":{"minecraft:wooden_shovel":1,"minecraft:iron_chestplate":1,"minecraft:stone_pickaxe":45,"minecraft:stone_axe":6,"minecraft:iron_sword":1,"minecraft:bow":1,"minecraft:stone_shovel":22,"minecraft:stone_sword":4,"minecraft:stone_hoe":2,"minecraft:wooden_pickaxe":2,"minecraft:golden_axe":1,"minecraft:iron_pickaxe":6,"minecraft:iron_helmet":1,"minecraft:golden_pickaxe":1}},"DataVersion":3953}