{"stats":{"minecraft:custom":{"minecraft:animals_bred":485,"minecraft:interact_with_crafting_table":225,"minecraft:bell_ring":8,"minecraft:leave_game":18,"minecraft:time_since_death":474842,"minecraft:sprint_one_cm":3563440,"minecraft:damage_blocked_by_shield":1156,"minecraft:drop":310,"minecraft:talked_to_villager":41,"minecraft:play_time":3549181,"minecraft:deaths":17,"minecraft:jump":16041,"minecraft:interact_with_brewingstand":2,"minecraft:walk_on_water_one_cm":513134,"minecraft:enchant_item":6,"minecraft:interact_with_furnace":266,"minecraft:interact_with_cartography_table":4,"minecraft:interact_with_loom":2,"minecraft:sleep_in_bed":81,"minecraft:damage_dealt":21113,"minecraft:player_kills":2,"minecraft:crouch_one_cm":13222,"minecraft:interact_with_smithing_table":5,"minecraft:horse_one_cm":14860,"minecraft:interact_with_anvil":9,"minecraft:mob_kills":796,"minecraft:climb_one_cm":9663,"minecraft:walk_one_cm":15720028,"minecraft:sneak_time":4990,"minecraft:walk_under_water_one_cm":252292,"minecraft:boat_one_cm":2510931,"minecraft:interact_with_blast_furnace":5,"minecraft:total_world_time":3549181,"minecraft:pot_flower":2,"minecraft:interact_with_grindstone":2,"minecraft:time_since_rest":32118,"minecraft:damage_taken":18048,"minecraft:swim_one_cm":520902,"minecraft:fly_one_cm":1204134,"minecraft:pig_one_cm":340,"minecraft:open_chest":1425,"minecraft:fall_one_cm":207752},"minecraft:killed":{"minecraft:zombified_piglin":1,"minecraft:spider":28,"minecraft:skeleton":27,"minecraft:fox":3,"minecraft:chicken":238,"minecraft:wolf":2,"minecraft:pig":27,"minecraft:zombie_villager":1,"minecraft:salmon":15,"minecraft:creeper":7,"minecraft:sheep":6,"minecraft:trader_llama":3,"minecraft:pillager":10,"minecraft:zombie":49,"minecraft:cow":54,"minecraft:phantom":2,"minecraft:drowned":11,"minecraft:bat":2,"minecraft:wandering_trader":4},"minecraft:killed_by":{"minecraft:creeper":4,"minecraft:witch":1,"minecraft:zombie":3,"minecraft:player":1,"minecraft:spider":1,"minecraft:enderman":1,"minecraft:skeleton":2,"minecraft:phantom":1},"minecraft:crafted":{"minecraft:oak_planks":2314,"minecraft:leather_horse_armor":3,"minecraft:birch_boat":1,"minecraft:cooked_chicken":285,"minecraft:lightning_rod":4,"minecraft:cobblestone_stairs":4,"minecraft:stone":509,"minecraft:diamond_shovel":1,"minecraft:bookshelf":25,"minecraft:cooked_mutton":2,"minecraft:glass":129,"minecraft:diamond_helmet":1,"minecraft:diamond_leggings":1,"minecraft:birch_fence_gate":19,"minecraft:chest":27,"minecraft:copper_block":1,"minecraft:dried_kelp_block":54,"minecraft:stone_hoe":7,"minecraft:stone_bricks":84,"minecraft:polished_diorite_slab":42,"minecraft:golden_axe":1,"minecraft:deepslate":58,"minecraft:arrow":440,"minecraft:cauldron":1,"minecraft:cooked_porkchop":119,"minecraft:diamond_axe":1,"minecraft:crafting_table":2,"minecraft:spruce_planks":708,"minecraft:wooden_pickaxe":1,"minecraft:baked_potato":62,"minecraft:golden_pickaxe":1,"minecraft:copper_ingot":23,"minecraft:fletching_table":1,"minecraft:hay_block":34,"minecraft:birch_planks":834,"minecraft:pumpkin_seeds":44,"minecraft:tnt":2,"minecraft:book":47,"minecraft:paper":201,"minecraft:diamond_pickaxe":1,"minecraft:shield":1,"minecraft:birch_fence":132,"minecraft:stick":672,"minecraft:iron_ingot":45,"minecraft:iron_pickaxe":7,"minecraft:stone_sword":12,"minecraft:gold_ingot":9,"minecraft:polished_diorite_stairs":32,"minecraft:birch_stairs":4,"minecraft:shears":2,"minecraft:stone_shovel":19,"minecraft:fishing_rod":1,"minecraft:golden_chestplate":1,"minecraft:diamond_hoe":1,"minecraft:furnace":1,"minecraft:spruce_fence":3,"minecraft:spruce_stairs":4,"minecraft:polished_diorite":192,"minecraft:polished_deepslate":2,"minecraft:stone_pickaxe":50,"minecraft:cobblestone_wall":258,"minecraft:diamond_boots":1,"minecraft:cooked_beef":164,"minecraft:sugar":158,"minecraft:cooked_cod":27,"minecraft:crimson_planks":54,"minecraft:diamond_sword":1,"minecraft:dried_kelp":498,"minecraft:iron_sword":1,"minecraft:bowl":4,"minecraft:cooked_salmon":29,"minecraft:stone_axe":30,"minecraft:bread":5,"minecraft:air":0,"minecraft:oak_boat":4,"minecraft:pumpkin_pie":72,"minecraft:torch":100,"minecraft:carrot_on_a_stick":1,"minecraft:diamond_chestplate":1},"minecraft:mined":{"minecraft:spruce_planks":121,"minecraft:oak_sapling":3,"minecraft:white_bed":8,"minecraft:farmland":28,"minecraft:carved_pumpkin":2,"minecraft:cave_vines_plant":7,"minecraft:granite":511,"minecraft:grass_block":1680,"minecraft:yellow_carpet":1,"minecraft:polished_diorite":24,"minecraft:mud_bricks":252,"minecraft:mud_brick_wall":2,"minecraft:crimson_fungus":1,"minecraft:oxeye_daisy":4,"minecraft:weeping_vines_plant":1,"minecraft:tall_seagrass":16,"minecraft:iron_ore":29,"minecraft:cobbled_deepslate":10,"minecraft:pumpkin":68,"minecraft:deepslate_lapis_ore":15,"minecraft:azure_bluet":4,"minecraft:enchanting_table":2,"minecraft:cave_vines":5,"minecraft:dirt_path":266,"minecraft:purple_carpet":1,"minecraft:deepslate_redstone_ore":4,"minecraft:brown_mushroom":43,"minecraft:cyan_terracotta":43,"minecraft:kelp_plant":7,"minecraft:orange_terracotta":18,"minecraft:powder_snow":3,"minecraft:torch":46,"minecraft:mud_brick_stairs":3,"minecraft:poppy":3,"minecraft:chest":10,"minecraft:dead_bush":2,"minecraft:glass":29,"minecraft:cobblestone":247,"minecraft:oak_planks":86,"minecraft:sugar_cane":279,"minecraft:grindstone":1,"minecraft:bricks":105,"minecraft:wall_torch":11,"minecraft:birch_sapling":2,"minecraft:seagrass":13,"minecraft:polished_diorite_stairs":4,"minecraft:white_terracotta":96,"minecraft:blue_terracotta":44,"minecraft:mud":1,"minecraft:birch_log":112,"minecraft:wheat":980,"minecraft:lilac":1,"minecraft:pumpkin_stem":1,"minecraft:yellow_glazed_terracotta":6,"minecraft:potted_poppy":1,"minecraft:grass":22,"minecraft:oak_log":131,"minecraft:loom":1,"minecraft:sand":108,"minecraft:dirt":1215,"minecraft:yellow_terracotta":12,"minecraft:deepslate":395,"minecraft:attached_pumpkin_stem":2,"minecraft:oak_leaves":222,"minecraft:suspicious_gravel":3,"minecraft:tuff":84,"minecraft:mossy_cobblestone":1,"minecraft:deepslate_diamond_ore":6,"minecraft:oak_door":1,"minecraft:glow_lichen":2,"minecraft:birch_fence_gate":31,"minecraft:ladder":8,"minecraft:dark_oak_fence":2,"minecraft:spruce_fence":1,"minecraft:crimson_roots":1,"minecraft:spruce_leaves":216,"minecraft:birch_slab":6,"minecraft:kelp":13,"minecraft:rooted_dirt":1,"minecraft:crimson_stem":6,"minecraft:large_fern":22,"minecraft:hay_block":10,"minecraft:packed_mud":41,"minecraft:spruce_sapling":1,"minecraft:furnace":1,"minecraft:carrots":162,"minecraft:andesite":62,"minecraft:bookshelf":14,"minecraft:potatoes":52,"minecraft:deepslate_iron_ore":18,"minecraft:packed_ice":5,"minecraft:blue_glazed_terracotta":1,"minecraft:stone":5462,"minecraft:white_wool":1,"minecraft:orange_glazed_terracotta":9,"minecraft:podzol":4,"minecraft:mud_brick_slab":3,"minecraft:birch_stairs":1,"minecraft:dandelion":29,"minecraft:spruce_door":3,"minecraft:crafting_table":1,"minecraft:cornflower":4,"minecraft:rose_bush":25,"minecraft:lightning_rod":3,"minecraft:copper_ore":63,"minecraft:tall_grass":16,"minecraft:red_glazed_terracotta":4,"minecraft:lapis_ore":7,"minecraft:diorite":81,"minecraft:blue_bed":1,"minecraft:birch_planks":28,"minecraft:red_terracotta":21,"minecraft:coarse_dirt":35,"minecraft:brick_slab":1,"minecraft:cobblestone_wall":38,"minecraft:sweet_berry_bush":92,"minecraft:spruce_log":175,"minecraft:birch_leaves":31,"minecraft:coal_ore":210,"minecraft:gravel":1943,"minecraft:stone_bricks":60,"minecraft:birch_fence":146,"minecraft:fern":25},"minecraft:dropped":{"minecraft:iron_sword":3,"minecraft:brown_mushroom":4,"minecraft:porkchop":9,"minecraft:cooked_beef":8,"minecraft:cooked_porkchop":29,"minecraft:dirt":4,"minecraft:cooked_cod":2,"minecraft:iron_pickaxe":6,"minecraft:fishing_rod":1,"minecraft:bone":2,"minecraft:stone_axe":25,"minecraft:sugar_cane":2,"minecraft:cooked_chicken":9,"minecraft:wheat":2,"minecraft:rotten_flesh":3,"minecraft:oak_planks":1,"minecraft:carrot":22,"minecraft:birch_fence_gate":1,"minecraft:gunpowder":4,"minecraft:arrow":1,"minecraft:egg":12,"minecraft:stone_hoe":2,"minecraft:bread":93,"minecraft:wheat_seeds":138,"minecraft:lead":2,"minecraft:cobblestone":756,"minecraft:book":1,"minecraft:apple":2,"minecraft:coal":2,"minecraft:stick":59,"minecraft:diorite":3,"minecraft:torch":51,"minecraft:cooked_salmon":1,"minecraft:dried_kelp":1,"minecraft:string":1,"minecraft:bucket":2,"minecraft:polished_deepslate":4,"minecraft:moss_carpet":2,"minecraft:sweet_berries":13,"minecraft:stone_sword":8,"minecraft:raw_iron":33,"minecraft:stone_shovel":4,"minecraft:chicken":8,"minecraft:shears":1,"minecraft:pumpkin_seeds":21,"minecraft:filled_map":2,"minecraft:hay_block":2,"minecraft:stone":1,"minecraft:shield":3,"minecraft:bow":1,"minecraft:stone_pickaxe":20},"minecraft:used":{"minecraft:iron_shovel":13,"minecraft:carrot_on_a_stick":4,"minecraft:poppy":2,"minecraft:chest":31,"minecraft:shield":74,"minecraft:stone":237,"minecraft:iron_sword":144,"minecraft:spruce_leaves":83,"minecraft:carrot":228,"minecraft:azure_bluet":5,"minecraft:milk_bucket":1,"minecraft:glass":151,"minecraft:birch_sapling":10,"minecraft:stone_bricks":272,"minecraft:bow":738,"minecraft:hay_block":8,"minecraft:sweet_berries":80,"minecraft:oak_sapling":14,"minecraft:furnace":2,"minecraft:cooked_cod":13,"minecraft:polished_diorite_stairs":19,"minecraft:egg":946,"minecraft:potato":116,"minecraft:diorite":3,"minecraft:spruce_door":5,"minecraft:stone_pickaxe":6167,"minecraft:oak_planks":106,"minecraft:wooden_pickaxe":62,"minecraft:sugar_cane":59,"minecraft:oak_leaves":2,"minecraft:white_wool":1,"minecraft:crossbow":1,"minecraft:pumpkin_seeds":52,"minecraft:shears":99,"minecraft:lightning_rod":4,"minecraft:birch_fence":309,"minecraft:birch_fence_gate":50,"minecraft:birch_slab":12,"minecraft:bread":90,"minecraft:gravel":65,"minecraft:fire_charge":1,"minecraft:wooden_sword":30,"minecraft:dark_oak_fence":2,"minecraft:birch_log":3,"minecraft:golden_pickaxe":32,"minecraft:oak_boat":17,"minecraft:enchanting_table":2,"minecraft:stone_sword":756,"minecraft:flint_and_steel":3,"minecraft:stone_shovel":2757,"minecraft:spruce_planks":301,"minecraft:cooked_salmon":6,"minecraft:stone_hoe":543,"minecraft:wooden_shovel":59,"minecraft:cooked_chicken":63,"minecraft:oak_door":3,"minecraft:torch":157,"minecraft:dirt":3107,"minecraft:spruce_stairs":4,"minecraft:cobblestone_wall":207,"minecraft:spruce_fence":3,"minecraft:polished_diorite":56,"minecraft:bookshelf":25,"minecraft:rooted_dirt":1,"minecraft:mud_bricks":1,"minecraft:beef":1,"minecraft:cooked_beef":31,"minecraft:cobbled_deepslate":9,"minecraft:pumpkin":4,"minecraft:golden_axe":27,"minecraft:wheat_seeds":698,"minecraft:cooked_mutton":2,"minecraft:water_bucket":171,"minecraft:cobblestone_stairs":4,"minecraft:birch_planks":57,"minecraft:lead":2,"minecraft:baked_potato":5,"minecraft:birch_boat":5,"minecraft:cauldron":1,"minecraft:fletching_table":1,"minecraft:tnt":2,"minecraft:crafting_table":3,"minecraft:white_bed":8,"minecraft:oxeye_daisy":2,"minecraft:flower_pot":2,"minecraft:cornflower":2,"minecraft:diamond_pickaxe":1304,"minecraft:apple":3,"minecraft:chicken":1,"minecraft:iron_pickaxe":1577,"minecraft:suspicious_stew":1,"minecraft:spruce_sapling":23,"minecraft:stone_axe":809,"minecraft:cobblestone":2963,"minecraft:white_banner":2,"minecraft:cooked_porkchop":30,"minecraft:bucket":169,"minecraft:pumpkin_pie":21,"minecraft:dandelion":24,"minecraft:birch_stairs":5},"minecraft:broken":{"minecraft:wooden_shovel":1,"minecraft:iron_chestplate":1,"minecraft:stone_pickaxe":45,"minecraft:stone_axe":6,"minecraft:iron_sword":1,"minecraft:bow":1,"minecraft:stone_shovel":22,"minecraft:stone_sword":4,"minecraft:stone_hoe":2,"minecraft:wooden_pickaxe":2,"minecraft:golden_axe":1,"minecraft:iron_pickaxe":6,"minecraft:iron_helmet":1,"minecraft:golden_pickaxe":1},"minecraft:picked_up":{"minecraft:seagrass":23,"minecraft:iron_chestplate":5,"minecraft:wheat":997,"minecraft:flower_pot":1,"minecraft:suspicious_stew":1,"minecraft:lead":137,"minecraft:polished_deepslate":4,"minecraft:string":63,"minecraft:raw_copper":256,"minecraft:cooked_salmon":1,"minecraft:iron_leggings":7,"minecraft:orange_glazed_terracotta":9,"minecraft:pufferfish":1,"minecraft:gold_nugget":2,"minecraft:cobbled_deepslate":502,"minecraft:bucket":2,"minecraft:spruce_planks":330,"minecraft:rose_bush":22,"minecraft:wooden_shovel":2,"minecraft:iron_pickaxe":10,"minecraft:iron_boots":7,"minecraft:furnace":1,"minecraft:golden_helmet":1,"minecraft:stick":339,"minecraft:torch":236,"minecraft:porkchop":135,"minecraft:dried_kelp":1,"minecraft:lightning_rod":6,"minecraft:diorite":123,"minecraft:stone_sword":23,"minecraft:rotten_flesh":219,"minecraft:blue_glazed_terracotta":1,"minecraft:carved_pumpkin":2,"minecraft:cyan_terracotta":41,"minecraft:white_terracotta":94,"minecraft:cobblestone":7032,"minecraft:birch_log":184,"minecraft:enchanting_table":2,"minecraft:cooked_beef":27,"minecraft:leather_chestplate":2,"minecraft:polished_diorite_slab":42,"minecraft:feather":424,"minecraft:lilac":6,"minecraft:birch_slab":20,"minecraft:water_bucket":2,"minecraft:andesite":61,"minecraft:mud_brick_stairs":3,"minecraft:potato":176,"minecraft:flint":207,"minecraft:tuff":82,"minecraft:lapis_lazuli":159,"minecraft:dirt":4449,"minecraft:purple_carpet":1,"minecraft:glass":22,"minecraft:bone":140,"minecraft:bow":21,"minecraft:wheat_seeds":2999,"minecraft:grindstone":1,"minecraft:bamboo":3,"minecraft:stone_hoe":2,"minecraft:oak_planks":136,"minecraft:cooked_porkchop":46,"minecraft:birch_fence_gate":65,"minecraft:sand":192,"minecraft:loom":1,"minecraft:spectral_arrow":39,"minecraft:red_terracotta":21,"minecraft:mossy_cobblestone":1,"minecraft:blue_terracotta":39,"minecraft:yellow_carpet":1,"minecraft:diamond":6,"minecraft:crossbow":5,"minecraft:granite":505,"minecraft:bone_meal":2,"minecraft:emerald":3,"minecraft:bread":98,"minecraft:rooted_dirt":2,"minecraft:oak_sapling":102,"minecraft:netherrack":4,"minecraft:dark_oak_fence":2,"minecraft:bricks":104,"minecraft:oak_leaves":38,"minecraft:crimson_roots":1,"minecraft:mud_brick_slab":3,"minecraft:spruce_leaves":96,"minecraft:charcoal":4,"minecraft:fishing_rod":3,"minecraft:mud":1,"minecraft:coarse_dirt":36,"minecraft:crafting_table":2,"minecraft:azure_bluet":5,"minecraft:chicken":327,"minecraft:ladder":8,"minecraft:leather_leggings":1,"minecraft:brown_mushroom":50,"minecraft:stone_brick_wall":1,"minecraft:shield":12,"minecraft:cornflower":2,"minecraft:moss_carpet":2,"minecraft:wooden_sword":1,"minecraft:item_frame":2,"minecraft:birch_fence":211,"minecraft:beef":175,"minecraft:oak_boat":15,"minecraft:iron_nugget":2,"minecraft:poppy":5,"minecraft:sugar_cane":499,"minecraft:chest":9,"minecraft:birch_sapling":48,"minecraft:phantom_membrane":1,"minecraft:egg":1095,"minecraft:raw_iron":69,"minecraft:stone":90,"minecraft:oak_door":3,"minecraft:copper_ingot":54,"minecraft:spruce_fence":1,"minecraft:fire_charge":1,"minecraft:carrot":538,"minecraft:redstone":19,"minecraft:arrow":648,"minecraft:weeping_vines":1,"minecraft:stone_shovel":15,"minecraft:cooked_cod":5,"minecraft:beetroot_seeds":3,"minecraft:shears":5,"minecraft:hay_block":24,"minecraft:yellow_terracotta":12,"minecraft:glow_berries":1,"minecraft:mutton":12,"minecraft:white_wool":7,"minecraft:oxeye_daisy":4,"minecraft:mud_bricks":236,"minecraft:crimson_stem":5,"minecraft:salmon":20,"minecraft:leather":194,"minecraft:red_glazed_terracotta":6,"minecraft:carrot_on_a_stick":4,"minecraft:filled_map":2,"minecraft:birch_planks":178,"minecraft:packed_mud":41,"minecraft:crimson_fungus":1,"minecraft:oak_log":157,"minecraft:yellow_glazed_terracotta":18,"minecraft:golden_boots":3,"minecraft:cobblestone_wall":345,"minecraft:gunpowder":18,"minecraft:blue_bed":1,"minecraft:paper":14,"minecraft:white_banner":9,"minecraft:orange_terracotta":18,"minecraft:cooked_mutton":2,"minecraft:apple":5,"minecraft:stone_bricks":256,"minecraft:kelp":56,"minecraft:iron_ingot":43,"minecraft:stone_pickaxe":58,"minecraft:cooked_chicken":41,"minecraft:iron_sword":4,"minecraft:book":43,"minecraft:birch_boat":10,"minecraft:pumpkin":72,"minecraft:sweet_berries":240,"minecraft:stone_brick_slab":1,"minecraft:quartz":3,"minecraft:dandelion":33,"minecraft:gravel":1812,"minecraft:birch_stairs":1,"minecraft:spruce_sapling":50,"minecraft:mud_brick_wall":2,"minecraft:white_bed":8,"minecraft:spruce_log":164,"minecraft:spruce_door":3,"minecraft:spider_eye":21,"minecraft:brick_slab":1,"minecraft:polished_diorite_stairs":19,"minecraft:pumpkin_seeds":66,"minecraft:polished_diorite":249,"minecraft:stone_axe":27,"minecraft:iron_helmet":3,"minecraft:black_wool":1,"minecraft:coal":277,"minecraft:ender_pearl":1}},"DataVersion":3465}