{"stats":{"minecraft:picked_up":{"minecraft:birch_log":1,"minecraft:oak_log":5},"minecraft:custom":{"minecraft:jump":28,"minecraft:damage_taken":20,"minecraft:leave_game":2,"minecraft:play_time":4164,"minecraft:sprint_one_cm":6162,"minecraft:time_since_death":4164,"minecraft:walk_one_cm":3825,"minecraft:total_world_time":4164,"minecraft:fall_one_cm":1362,"minecraft:fly_one_cm":6056,"minecraft:time_since_rest":4164},"minecraft:mined":{"minecraft:birch_log":1,"minecraft:oak_log":5}},"DataVersion":3465}