{"stats":{"minecraft:custom":{"minecraft:time_since_rest":16541,"minecraft:sprint_one_cm":14615,"minecraft:interact_with_furnace":1,"minecraft:damage_taken":20,"minecraft:walk_one_cm":23878,"minecraft:interact_with_crafting_table":7,"minecraft:fly_one_cm":12385,"minecraft:open_chest":1,"minecraft:crouch_one_cm":96,"minecraft:play_time":16541,"minecraft:sneak_time":52,"minecraft:walk_under_water_one_cm":1349,"minecraft:jump":68,"minecraft:leave_game":3,"minecraft:time_since_death":16541,"minecraft:walk_on_water_one_cm":3616,"minecraft:total_world_time":16541,"minecraft:fall_one_cm":2256},"minecraft:used":{"minecraft:birch_door":1,"minecraft:wooden_axe":47,"minecraft:stone_pickaxe":3,"minecraft:oak_planks":24,"minecraft:chest":1,"minecraft:wooden_pickaxe":17,"minecraft:crafting_table":2,"minecraft:furnace":1},"minecraft:picked_up":{"minecraft:birch_log":6,"minecraft:stick":9,"minecraft:raw_iron":2,"minecraft:oak_log":35,"minecraft:dirt":3,"minecraft:apple":2,"minecraft:oak_sapling":8,"minecraft:birch_sapling":3,"minecraft:cobblestone":18,"minecraft:egg":1},"minecraft:crafted":{"minecraft:oak_planks":76,"minecraft:crafting_table":2,"minecraft:stick":8,"minecraft:wooden_pickaxe":1,"minecraft:stone_pickaxe":1,"minecraft:wooden_axe":1,"minecraft:chest":1,"minecraft:furnace":1,"minecraft:birch_door":3,"minecraft:birch_planks":16,"minecraft:stone_axe":1},"minecraft:mined":{"minecraft:iron_ore":2,"minecraft:birch_log":6,"minecraft:birch_leaves":1,"minecraft:grass_block":1,"minecraft:oak_log":35,"minecraft:dirt":2,"minecraft:stone":18,"minecraft:oak_leaves":12}},"DataVersion":3465}