{"stats":{"minecraft:used":{"minecraft:iron_shovel":255,"minecraft:flint_and_steel":21,"minecraft:stone_shovel":852,"minecraft:ladder":151,"minecraft:chest":13,"minecraft:spruce_planks":69,"minecraft:shield":10,"minecraft:stone":6,"minecraft:iron_sword":10,"minecraft:wooden_shovel":34,"minecraft:cooked_chicken":1,"minecraft:stone_hoe":2,"minecraft:torch":233,"minecraft:dirt":408,"minecraft:jungle_planks":30,"minecraft:granite":73,"minecraft:obsidian":45,"minecraft:spruce_boat":2,"minecraft:wooden_axe":45,"minecraft:magma_block":1,"minecraft:sweet_berries":1,"minecraft:furnace":6,"minecraft:egg":331,"minecraft:cooked_beef":6,"minecraft:cobbled_deepslate":199,"minecraft:cobblestone_stairs":73,"minecraft:spruce_door":2,"minecraft:stonecutter":1,"minecraft:birch_planks":3,"minecraft:oak_planks":17,"minecraft:sugar_cane":5,"minecraft:stone_pickaxe":924,"minecraft:wooden_pickaxe":48,"minecraft:blue_bed":4,"minecraft:birch_boat":1,"minecraft:diamond_axe":163,"minecraft:cobblestone_slab":6,"minecraft:crafting_table":16,"minecraft:spruce_log":14,"minecraft:diamond_pickaxe":1231,"minecraft:melon_slice":2,"minecraft:bread":27,"minecraft:iron_pickaxe":751,"minecraft:gravel":12,"minecraft:spruce_sapling":18,"minecraft:stone_axe":270,"minecraft:diamond_sword":89,"minecraft:cobblestone":434,"minecraft:cooked_porkchop":23,"minecraft:andesite":16,"minecraft:coarse_dirt":23,"minecraft:pumpkin_pie":7,"minecraft:oak_boat":1},"minecraft:picked_up":{"minecraft:charcoal":2,"minecraft:coarse_dirt":29,"minecraft:cocoa_beans":4,"minecraft:waxed_oxidized_cut_copper":17,"minecraft:crafting_table":5,"minecraft:chicken":1,"minecraft:ladder":6,"minecraft:clay_ball":136,"minecraft:lead":4,"minecraft:wooden_pickaxe":1,"minecraft:string":2,"minecraft:amethyst_block":60,"minecraft:moss_carpet":7,"minecraft:soul_soil":3,"minecraft:raw_copper":61,"minecraft:candle":6,"minecraft:cobbled_deepslate":720,"minecraft:spruce_planks":13,"minecraft:beef":13,"minecraft:jungle_sapling":5,"minecraft:calcite":7,"minecraft:azalea":6,"minecraft:poppy":3,"minecraft:iron_pickaxe":1,"minecraft:melon_slice":74,"minecraft:sugar_cane":67,"minecraft:chest":4,"minecraft:birch_sapling":2,"minecraft:furnace":1,"minecraft:waxed_oxidized_copper":80,"minecraft:egg":101,"minecraft:stick":67,"minecraft:raw_iron":58,"minecraft:torch":44,"minecraft:porkchop":9,"minecraft:pointed_dripstone":34,"minecraft:diorite":71,"minecraft:redstone":58,"minecraft:arrow":14,"minecraft:rotten_flesh":23,"minecraft:tropical_fish":2,"minecraft:pumpkin_pie":1,"minecraft:white_terracotta":6,"minecraft:mutton":14,"minecraft:white_wool":9,"minecraft:cobblestone":1179,"minecraft:birch_log":11,"minecraft:oxidized_cut_copper_stairs":1,"minecraft:magma_block":5,"minecraft:mud_bricks":64,"minecraft:feather":3,"minecraft:andesite":23,"minecraft:jungle_log":45,"minecraft:leather":15,"minecraft:copper_block":3,"minecraft:packed_mud":64,"minecraft:flint":11,"minecraft:tuff":32,"minecraft:oak_log":112,"minecraft:waxed_copper_block":28,"minecraft:gunpowder":2,"minecraft:cobblestone_stairs":1,"minecraft:lapis_lazuli":14,"minecraft:blue_bed":4,"minecraft:dirt":1062,"minecraft:orange_terracotta":5,"minecraft:bone":27,"minecraft:apple":12,"minecraft:stonecutter":1,"minecraft:bow":1,"minecraft:wheat_seeds":28,"minecraft:raw_gold":28,"minecraft:mossy_stone_bricks":6,"minecraft:bamboo":269,"minecraft:moss_block":34,"minecraft:oak_planks":6,"minecraft:flowering_azalea":4,"minecraft:soul_sand":64,"minecraft:book":9,"minecraft:oak_slab":2,"minecraft:smooth_basalt":7,"minecraft:cooked_porkchop":25,"minecraft:pumpkin":15,"minecraft:sweet_berries":15,"minecraft:dripstone_block":23,"minecraft:gravel":104,"minecraft:amethyst_shard":4,"minecraft:spruce_sapling":23,"minecraft:ink_sac":5,"minecraft:spruce_log":80,"minecraft:crying_obsidian":64,"minecraft:red_terracotta":8,"minecraft:mossy_cobblestone":40,"minecraft:light_gray_terracotta":1,"minecraft:diamond":15,"minecraft:spruce_boat":1,"minecraft:stone_axe":1,"minecraft:emerald":3,"minecraft:granite":179,"minecraft:bread":8,"minecraft:oak_button":1,"minecraft:terracotta":20,"minecraft:oak_sapling":45,"minecraft:netherrack":15,"minecraft:coal":66,"minecraft:oak_leaves":64},"minecraft:mined":{"minecraft:tuff":32,"minecraft:spruce_planks":13,"minecraft:farmland":1,"minecraft:mossy_cobblestone":41,"minecraft:deepslate_diamond_ore":15,"minecraft:candle":2,"minecraft:cobblestone_stairs":1,"minecraft:jungle_leaves":1,"minecraft:glow_lichen":2,"minecraft:ladder":5,"minecraft:granite":186,"minecraft:grass_block":817,"minecraft:jungle_log":46,"minecraft:spruce_leaves":38,"minecraft:moss_block":34,"minecraft:large_fern":3,"minecraft:oxidized_cut_copper":1,"minecraft:redstone_ore":8,"minecraft:magma_block":1,"minecraft:waxed_oxidized_cut_copper":17,"minecraft:spruce_sapling":2,"minecraft:furnace":1,"minecraft:iron_ore":49,"minecraft:fire":2,"minecraft:cobbled_deepslate":37,"minecraft:andesite":23,"minecraft:moss_carpet":1,"minecraft:pumpkin":16,"minecraft:bookshelf":3,"minecraft:pointed_dripstone":11,"minecraft:dirt_path":5,"minecraft:cave_vines":2,"minecraft:deepslate_iron_ore":2,"minecraft:vine":19,"minecraft:packed_ice":2,"minecraft:bamboo":21,"minecraft:azalea":4,"minecraft:stone":1113,"minecraft:podzol":1,"minecraft:deepslate_redstone_ore":5,"minecraft:oak_slab":2,"minecraft:oxidized_cut_copper_stairs":1,"minecraft:flowering_azalea":4,"minecraft:orange_terracotta":5,"minecraft:medium_amethyst_bud":1,"minecraft:amethyst_cluster":1,"minecraft:dandelion":1,"minecraft:powder_snow":21,"minecraft:clay":34,"minecraft:crafting_table":5,"minecraft:torch":10,"minecraft:light_gray_terracotta":1,"minecraft:calcite":7,"minecraft:poppy":1,"minecraft:melon":9,"minecraft:chest":4,"minecraft:dead_bush":1,"minecraft:campfire":1,"minecraft:copper_ore":16,"minecraft:tall_grass":3,"minecraft:cobblestone":71,"minecraft:deepslate_gold_ore":8,"minecraft:lapis_ore":2,"minecraft:oak_planks":5,"minecraft:sugar_cane":25,"minecraft:blue_bed":4,"minecraft:diorite":72,"minecraft:wall_torch":27,"minecraft:amethyst_block":61,"minecraft:white_terracotta":6,"minecraft:red_terracotta":8,"minecraft:coarse_dirt":33,"minecraft:birch_log":12,"minecraft:sweet_berry_bush":2,"minecraft:spruce_log":81,"minecraft:birch_leaves":3,"minecraft:waxed_copper_block":29,"minecraft:copper_block":2,"minecraft:grass":11,"minecraft:coal_ore":66,"minecraft:oak_log":112,"minecraft:cocoa":1,"minecraft:gravel":118,"minecraft:waxed_oxidized_copper":83,"minecraft:dirt":252,"minecraft:dripstone_block":24,"minecraft:mossy_stone_bricks":6,"minecraft:stonecutter":1,"minecraft:smooth_basalt":7,"minecraft:terracotta":21,"minecraft:dispenser":1,"minecraft:gold_ore":20,"minecraft:deepslate":704,"minecraft:oak_leaves":80,"minecraft:fern":4},"minecraft:dropped":{"minecraft:bread":1,"minecraft:soul_sand":64,"minecraft:wheat_seeds":2,"minecraft:copper_block":1,"minecraft:cobblestone":134,"minecraft:coal":1,"minecraft:stick":40,"minecraft:packed_mud":64,"minecraft:dirt":37,"minecraft:pumpkin_pie":8,"minecraft:iron_pickaxe":1,"minecraft:bone":2,"minecraft:gravel":2,"minecraft:stone_axe":2,"minecraft:sugar_cane":53,"minecraft:soul_soil":3,"minecraft:raw_copper":3,"minecraft:obsidian":1,"minecraft:stone_shovel":2,"minecraft:rotten_flesh":20,"minecraft:clay_ball":8,"minecraft:oak_planks":1,"minecraft:poppy":2,"minecraft:mud_bricks":64,"minecraft:chest":1,"minecraft:ladder":64,"minecraft:bow":1,"minecraft:arrow":5,"minecraft:wooden_pickaxe":2,"minecraft:crying_obsidian":64,"minecraft:magma_block":4,"minecraft:oak_leaves":64,"minecraft:netherrack":15},"minecraft:broken":{"minecraft:iron_shovel":1,"minecraft:stone_pickaxe":7,"minecraft:stone_axe":1,"minecraft:iron_pickaxe":3,"minecraft:wooden_axe":1,"minecraft:stone_shovel":5},"minecraft:crafted":{"minecraft:oak_planks":332,"minecraft:stone_shovel":7,"minecraft:cobblestone_slab":6,"minecraft:birch_boat":1,"minecraft:cooked_chicken":1,"minecraft:furnace":5,"minecraft:cobblestone_stairs":116,"minecraft:flint_and_steel":1,"minecraft:iron_boots":1,"minecraft:ladder":219,"minecraft:stone_pickaxe":7,"minecraft:chest":11,"minecraft:spruce_boat":1,"minecraft:stone_hoe":1,"minecraft:cooked_beef":6,"minecraft:wooden_shovel":1,"minecraft:cooked_porkchop":5,"minecraft:crafting_table":11,"minecraft:spruce_planks":212,"minecraft:iron_helmet":1,"minecraft:wooden_pickaxe":1,"minecraft:iron_sword":1,"minecraft:spruce_door":3,"minecraft:birch_planks":8,"minecraft:jungle_planks":48,"minecraft:stone_axe":3,"minecraft:air":0,"minecraft:oak_boat":1,"minecraft:iron_chestplate":1,"minecraft:diamond_pickaxe":1,"minecraft:charcoal":7,"minecraft:shield":1,"minecraft:stick":596,"minecraft:iron_ingot":39,"minecraft:iron_pickaxe":3,"minecraft:wooden_axe":1,"minecraft:iron_shovel":1,"minecraft:iron_leggings":1,"minecraft:torch":200},"minecraft:killed":{"minecraft:spider":4,"minecraft:phantom":1,"minecraft:skeleton":5,"minecraft:chicken":1,"minecraft:pig":4,"minecraft:wandering_trader":1,"minecraft:creeper":2,"minecraft:sheep":9,"minecraft:pillager":4,"minecraft:zombie":10,"minecraft:enderman":1,"minecraft:cow":5},"minecraft:custom":{"minecraft:interact_with_smithing_table":2,"minecraft:mob_kills":47,"minecraft:interact_with_crafting_table":54,"minecraft:bell_ring":8,"minecraft:leave_game":6,"minecraft:time_since_death":559468,"minecraft:climb_one_cm":54399,"minecraft:sprint_one_cm":713826,"minecraft:walk_one_cm":969406,"minecraft:damage_blocked_by_shield":485,"minecraft:drop":60,"minecraft:talked_to_villager":6,"minecraft:play_time":559468,"minecraft:sneak_time":4768,"minecraft:walk_under_water_one_cm":43788,"minecraft:boat_one_cm":193592,"minecraft:jump":4989,"minecraft:walk_on_water_one_cm":55062,"minecraft:total_world_time":559468,"minecraft:interact_with_furnace":38,"minecraft:interact_with_cartography_table":2,"minecraft:interact_with_loom":2,"minecraft:sleep_in_bed":9,"minecraft:time_since_rest":14132,"minecraft:damage_taken":3662,"minecraft:damage_dealt":7734,"minecraft:swim_one_cm":110,"minecraft:fly_one_cm":708997,"minecraft:open_chest":182,"minecraft:crouch_one_cm":17685,"minecraft:interact_with_smoker":2,"minecraft:fall_one_cm":110086}},"DataVersion":3465}