{"stats":{"minecraft:broken":{"minecraft:iron_shovel":1,"minecraft:stone_pickaxe":7,"minecraft:stone_axe":1,"minecraft:wooden_axe":1,"minecraft:stone_shovel":5,"minecraft:iron_pickaxe":3},"minecraft:picked_up":{"minecraft:lead":4,"minecraft:amethyst_block":60,"minecraft:string":4,"minecraft:raw_copper":64,"minecraft:soul_soil":3,"minecraft:cobbled_deepslate":720,"minecraft:spruce_planks":13,"minecraft:calcite":7,"minecraft:azalea":6,"minecraft:iron_pickaxe":1,"minecraft:melon_slice":74,"minecraft:furnace":1,"minecraft:stick":67,"minecraft:torch":45,"minecraft:porkchop":9,"minecraft:pointed_dripstone":34,"minecraft:diorite":71,"minecraft:rotten_flesh":26,"minecraft:tropical_fish":2,"minecraft:white_terracotta":6,"minecraft:cobblestone":1179,"minecraft:birch_log":11,"minecraft:magma_block":5,"minecraft:feather":3,"minecraft:jungle_log":46,"minecraft:andesite":30,"minecraft:copper_block":3,"minecraft:flint":11,"minecraft:tuff":32,"minecraft:dirt":1073,"minecraft:lapis_lazuli":14,"minecraft:bone":28,"minecraft:stonecutter":1,"minecraft:bow":1,"minecraft:wheat_seeds":28,"minecraft:raw_gold":28,"minecraft:mossy_stone_bricks":6,"minecraft:bamboo":269,"minecraft:moss_block":34,"minecraft:oak_planks":9,"minecraft:cooked_porkchop":25,"minecraft:ink_sac":5,"minecraft:red_terracotta":8,"minecraft:mossy_cobblestone":40,"minecraft:light_gray_terracotta":1,"minecraft:diamond":15,"minecraft:spruce_boat":1,"minecraft:granite":179,"minecraft:bread":8,"minecraft:emerald":3,"minecraft:oak_sapling":45,"minecraft:netherrack":15,"minecraft:oak_leaves":64,"minecraft:crafting_table":6,"minecraft:waxed_oxidized_cut_copper":17,"minecraft:cocoa_beans":4,"minecraft:charcoal":2,"minecraft:coarse_dirt":29,"minecraft:chicken":1,"minecraft:ladder":6,"minecraft:clay_ball":136,"minecraft:wooden_pickaxe":1,"minecraft:moss_carpet":7,"minecraft:candle":6,"minecraft:beef":35,"minecraft:jungle_sapling":5,"minecraft:poppy":3,"minecraft:light_gray_wool":1,"minecraft:sugar_cane":67,"minecraft:chest":4,"minecraft:birch_sapling":2,"minecraft:egg":104,"minecraft:waxed_oxidized_copper":80,"minecraft:raw_iron":58,"minecraft:redstone":58,"minecraft:arrow":18,"minecraft:pumpkin_pie":1,"minecraft:hay_block":14,"minecraft:mutton":41,"minecraft:white_wool":20,"minecraft:oxidized_cut_copper_stairs":1,"minecraft:mud_bricks":64,"minecraft:leather":30,"minecraft:packed_mud":64,"minecraft:oak_log":116,"minecraft:waxed_copper_block":28,"minecraft:gunpowder":4,"minecraft:cobblestone_stairs":2,"minecraft:blue_bed":4,"minecraft:orange_terracotta":5,"minecraft:apple":12,"minecraft:soul_sand":64,"minecraft:flowering_azalea":4,"minecraft:book":18,"minecraft:oak_slab":2,"minecraft:smooth_basalt":7,"minecraft:pumpkin":15,"minecraft:sweet_berries":15,"minecraft:dripstone_block":23,"minecraft:gravel":104,"minecraft:amethyst_shard":4,"minecraft:spruce_sapling":23,"minecraft:spruce_log":80,"minecraft:crying_obsidian":64,"minecraft:spider_eye":1,"minecraft:stone_axe":1,"minecraft:gray_wool":3,"minecraft:oak_button":1,"minecraft:terracotta":20,"minecraft:black_wool":1,"minecraft:coal":66},"minecraft:used":{"minecraft:iron_shovel":255,"minecraft:ladder":151,"minecraft:chest":13,"minecraft:shield":10,"minecraft:stone":6,"minecraft:iron_sword":10,"minecraft:jungle_planks":37,"minecraft:obsidian":45,"minecraft:spruce_boat":2,"minecraft:magma_block":1,"minecraft:bow":10,"minecraft:sweet_berries":1,"minecraft:furnace":6,"minecraft:egg":331,"minecraft:spruce_door":2,"minecraft:stone_pickaxe":924,"minecraft:oak_planks":50,"minecraft:wooden_pickaxe":48,"minecraft:blue_bed":4,"minecraft:diamond_axe":253,"minecraft:sugar_cane":5,"minecraft:bread":27,"minecraft:melon_slice":2,"minecraft:gravel":12,"minecraft:diamond_sword":98,"minecraft:andesite":16,"minecraft:oak_boat":1,"minecraft:coarse_dirt":23,"minecraft:flint_and_steel":21,"minecraft:stone_shovel":852,"minecraft:spruce_planks":69,"minecraft:wooden_shovel":34,"minecraft:stone_hoe":2,"minecraft:cooked_chicken":1,"minecraft:torch":234,"minecraft:dirt":412,"minecraft:granite":73,"minecraft:wooden_axe":45,"minecraft:jungle_log":2,"minecraft:cooked_beef":6,"minecraft:cobbled_deepslate":199,"minecraft:cobblestone_stairs":74,"minecraft:birch_planks":3,"minecraft:birch_boat":1,"minecraft:stonecutter":1,"minecraft:cobblestone_slab":6,"minecraft:oak_slab":2,"minecraft:crafting_table":19,"minecraft:spruce_log":14,"minecraft:diamond_pickaxe":1260,"minecraft:apple":2,"minecraft:iron_pickaxe":751,"minecraft:spruce_sapling":18,"minecraft:stone_axe":270,"minecraft:cobblestone":434,"minecraft:cooked_porkchop":24,"minecraft:pumpkin_pie":15},"minecraft:killed":{"minecraft:spider":5,"minecraft:skeleton":7,"minecraft:chicken":1,"minecraft:pig":4,"minecraft:creeper":4,"minecraft:sheep":25,"minecraft:pillager":4,"minecraft:zombie":13,"minecraft:cow":17,"minecraft:phantom":1,"minecraft:wandering_trader":1,"minecraft:enderman":1},"minecraft:dropped":{"minecraft:soul_sand":64,"minecraft:jungle_planks":11,"minecraft:flint":6,"minecraft:dirt":41,"minecraft:packed_mud":64,"minecraft:pumpkin_pie":8,"minecraft:iron_pickaxe":1,"minecraft:bone":2,"minecraft:gravel":2,"minecraft:stone_axe":2,"minecraft:sugar_cane":53,"minecraft:obsidian":1,"minecraft:rotten_flesh":23,"minecraft:oak_planks":7,"minecraft:poppy":2,"minecraft:charcoal":2,"minecraft:ladder":100,"minecraft:chest":1,"minecraft:arrow":5,"minecraft:beef":7,"minecraft:crying_obsidian":64,"minecraft:oak_leaves":64,"minecraft:netherrack":15,"minecraft:egg":3,"minecraft:bread":1,"minecraft:wheat_seeds":2,"minecraft:copper_block":1,"minecraft:cobblestone":134,"minecraft:book":9,"minecraft:coal":2,"minecraft:stick":44,"minecraft:soul_soil":3,"minecraft:coarse_dirt":1,"minecraft:raw_copper":33,"minecraft:stone_shovel":2,"minecraft:clay_ball":8,"minecraft:oxidized_cut_copper_stairs":1,"minecraft:mud_bricks":64,"minecraft:andesite":7,"minecraft:oak_sapling":12,"minecraft:bow":1,"minecraft:wooden_pickaxe":2,"minecraft:magma_block":4},"minecraft:mined":{"minecraft:spruce_planks":13,"minecraft:farmland":1,"minecraft:cobblestone_stairs":2,"minecraft:jungle_leaves":1,"minecraft:granite":186,"minecraft:grass_block":818,"minecraft:jungle_log":47,"minecraft:magma_block":1,"minecraft:iron_ore":49,"minecraft:cobbled_deepslate":37,"minecraft:fire":2,"minecraft:pumpkin":16,"minecraft:moss_carpet":1,"minecraft:pointed_dripstone":11,"minecraft:cave_vines":2,"minecraft:dirt_path":5,"minecraft:azalea":4,"minecraft:deepslate_redstone_ore":5,"minecraft:medium_amethyst_bud":1,"minecraft:amethyst_cluster":1,"minecraft:orange_terracotta":5,"minecraft:oxidized_cut_copper_stairs":1,"minecraft:powder_snow":21,"minecraft:clay":34,"minecraft:torch":10,"minecraft:light_gray_terracotta":1,"minecraft:calcite":7,"minecraft:poppy":1,"minecraft:melon":9,"minecraft:chest":4,"minecraft:dead_bush":1,"minecraft:cobblestone":71,"minecraft:sugar_cane":25,"minecraft:oak_planks":5,"minecraft:wall_torch":28,"minecraft:amethyst_block":61,"minecraft:white_terracotta":6,"minecraft:birch_log":12,"minecraft:waxed_copper_block":29,"minecraft:copper_block":2,"minecraft:grass":23,"minecraft:oak_log":118,"minecraft:waxed_oxidized_copper":83,"minecraft:dirt":258,"minecraft:smooth_basalt":7,"minecraft:dispenser":1,"minecraft:stonecutter":1,"minecraft:oak_leaves":89,"minecraft:deepslate":704,"minecraft:tuff":32,"minecraft:mossy_cobblestone":41,"minecraft:deepslate_diamond_ore":15,"minecraft:candle":2,"minecraft:glow_lichen":2,"minecraft:ladder":5,"minecraft:spruce_leaves":38,"minecraft:moss_block":34,"minecraft:large_fern":3,"minecraft:hay_block":14,"minecraft:oxidized_cut_copper":1,"minecraft:redstone_ore":8,"minecraft:waxed_oxidized_cut_copper":17,"minecraft:spruce_sapling":2,"minecraft:furnace":1,"minecraft:andesite":42,"minecraft:bookshelf":3,"minecraft:deepslate_iron_ore":2,"minecraft:vine":19,"minecraft:packed_ice":2,"minecraft:bamboo":21,"minecraft:stone":1116,"minecraft:podzol":1,"minecraft:oak_slab":2,"minecraft:flowering_azalea":4,"minecraft:dandelion":1,"minecraft:crafting_table":6,"minecraft:campfire":1,"minecraft:tall_grass":3,"minecraft:copper_ore":17,"minecraft:lapis_ore":2,"minecraft:deepslate_gold_ore":8,"minecraft:diorite":72,"minecraft:blue_bed":4,"minecraft:red_terracotta":8,"minecraft:coarse_dirt":33,"minecraft:sweet_berry_bush":2,"minecraft:spruce_log":81,"minecraft:birch_leaves":3,"minecraft:coal_ore":66,"minecraft:cocoa":1,"minecraft:gravel":118,"minecraft:dripstone_block":24,"minecraft:terracotta":21,"minecraft:mossy_stone_bricks":6,"minecraft:gold_ore":20,"minecraft:fern":4},"minecraft:custom":{"minecraft:animals_bred":1,"minecraft:interact_with_crafting_table":59,"minecraft:open_barrel":1,"minecraft:bell_ring":8,"minecraft:leave_game":7,"minecraft:time_since_death":614126,"minecraft:sprint_one_cm":806350,"minecraft:damage_blocked_by_shield":485,"minecraft:drop":79,"minecraft:talked_to_villager":7,"minecraft:play_time":614126,"minecraft:jump":5623,"minecraft:walk_on_water_one_cm":61355,"minecraft:interact_with_furnace":38,"minecraft:interact_with_cartography_table":2,"minecraft:interact_with_loom":2,"minecraft:sleep_in_bed":9,"minecraft:damage_dealt":11164,"minecraft:crouch_one_cm":18704,"minecraft:interact_with_smoker":2,"minecraft:interact_with_smithing_table":2,"minecraft:mob_kills":83,"minecraft:climb_one_cm":54399,"minecraft:walk_one_cm":1019656,"minecraft:sneak_time":4966,"minecraft:walk_under_water_one_cm":47331,"minecraft:boat_one_cm":193592,"minecraft:total_world_time":614126,"minecraft:time_since_rest":68790,"minecraft:damage_taken":4100,"minecraft:swim_one_cm":9127,"minecraft:fly_one_cm":867521,"minecraft:open_chest":184,"minecraft:fall_one_cm":130890},"minecraft:crafted":{"minecraft:oak_planks":440,"minecraft:cobblestone_slab":6,"minecraft:birch_boat":1,"minecraft:cooked_chicken":1,"usefulbackpacks:backpack_small":1,"minecraft:cobblestone_stairs":116,"minecraft:iron_boots":1,"minecraft:chest":11,"minecraft:stone_hoe":1,"minecraft:wooden_shovel":1,"minecraft:cooked_porkchop":5,"minecraft:crafting_table":13,"minecraft:spruce_planks":212,"minecraft:wooden_pickaxe":1,"minecraft:iron_helmet":1,"minecraft:spruce_door":3,"minecraft:birch_planks":8,"minecraft:iron_chestplate":1,"minecraft:charcoal":7,"minecraft:diamond_pickaxe":1,"minecraft:shield":1,"minecraft:stick":596,"usefulbackpacks:backpack_large":1,"minecraft:iron_pickaxe":3,"minecraft:iron_ingot":39,"minecraft:stone_shovel":7,"minecraft:furnace":5,"minecraft:flint_and_steel":1,"minecraft:ladder":219,"minecraft:stone_pickaxe":7,"usefulbackpacks:backpack_medium":1,"minecraft:spruce_boat":1,"minecraft:wheat":9,"minecraft:cooked_beef":6,"minecraft:iron_sword":1,"minecraft:stone_axe":3,"minecraft:air":0,"minecraft:jungle_planks":52,"minecraft:oak_boat":1,"minecraft:wooden_axe":1,"minecraft:iron_shovel":1,"minecraft:iron_leggings":1,"minecraft:torch":200}},"DataVersion":3465}