{"stats":{"minecraft:dropped":{"minecraft:soul_sand":64,"minecraft:diamond_axe":4,"minecraft:cooked_beef":2,"minecraft:jungle_planks":11,"minecraft:flint":6,"minecraft:dirt":41,"minecraft:packed_mud":64,"minecraft:pumpkin_pie":8,"minecraft:iron_pickaxe":1,"minecraft:gold_ingot":6,"minecraft:bone":2,"minecraft:gravel":2,"usefulbackpacks:backpack_large":2,"minecraft:stone_axe":2,"minecraft:sugar_cane":53,"minecraft:obsidian":1,"minecraft:rotten_flesh":23,"minecraft:oak_planks":7,"minecraft:poppy":2,"minecraft:charcoal":2,"minecraft:chest":1,"minecraft:ladder":100,"minecraft:arrow":5,"minecraft:beef":7,"minecraft:crying_obsidian":64,"minecraft:oak_leaves":64,"minecraft:netherrack":15,"minecraft:egg":3,"minecraft:golden_boots":1,"minecraft:bread":1,"minecraft:wheat_seeds":2,"minecraft:copper_block":1,"minecraft:cobblestone":157,"minecraft:book":9,"minecraft:coal":2,"minecraft:stick":44,"minecraft:soul_soil":3,"minecraft:coarse_dirt":1,"minecraft:raw_copper":33,"minecraft:stone_shovel":2,"minecraft:clay_ball":8,"minecraft:oxidized_cut_copper_stairs":1,"minecraft:diamond_sword":1,"minecraft:mud_bricks":64,"minecraft:diamond_pickaxe":1,"minecraft:andesite":7,"minecraft:oak_sapling":12,"minecraft:bow":1,"minecraft:wooden_pickaxe":2,"minecraft:magma_block":4},"minecraft:broken":{"minecraft:iron_shovel":1,"minecraft:stone_pickaxe":7,"minecraft:wooden_sword":3,"minecraft:stone_axe":1,"minecraft:wooden_axe":1,"minecraft:stone_shovel":5,"minecraft:iron_pickaxe":3},"minecraft:custom":{"minecraft:animals_bred":1,"minecraft:interact_with_crafting_table":77,"minecraft:open_barrel":1,"minecraft:bell_ring":8,"minecraft:leave_game":21,"minecraft:time_since_death":1090466,"minecraft:sprint_one_cm":1171746,"minecraft:damage_blocked_by_shield":485,"minecraft:drop":119,"minecraft:talked_to_villager":7,"minecraft:play_time":1090466,"minecraft:jump":8151,"minecraft:walk_on_water_one_cm":121302,"minecraft:interact_with_furnace":87,"minecraft:interact_with_cartography_table":2,"minecraft:interact_with_loom":2,"minecraft:sleep_in_bed":14,"minecraft:damage_dealt":20499,"minecraft:crouch_one_cm":34618,"minecraft:interact_with_smoker":3,"minecraft:interact_with_smithing_table":3,"minecraft:mob_kills":163,"minecraft:climb_one_cm":61828,"minecraft:walk_one_cm":1474976,"minecraft:sneak_time":12906,"minecraft:walk_under_water_one_cm":83326,"minecraft:boat_one_cm":5841231,"minecraft:total_world_time":1090466,"minecraft:raid_trigger":1,"minecraft:time_since_rest":170537,"minecraft:damage_taken":5899,"minecraft:swim_one_cm":19441,"minecraft:fly_one_cm":1443806,"minecraft:open_chest":365,"minecraft:fall_one_cm":180279},"minecraft:mined":{"minecraft:spruce_planks":13,"minecraft:farmland":1,"minecraft:cobblestone_stairs":2,"minecraft:jungle_leaves":2,"minecraft:obsidian":2,"minecraft:granite":244,"minecraft:grass_block":849,"minecraft:jungle_log":48,"minecraft:tall_seagrass":1,"minecraft:magma_block":1,"minecraft:iron_ore":49,"minecraft:cobbled_deepslate":37,"minecraft:fire":4,"minecraft:pumpkin":16,"minecraft:moss_carpet":1,"minecraft:pointed_dripstone":11,"minecraft:cave_vines":2,"minecraft:dirt_path":6,"minecraft:azalea":4,"minecraft:deepslate_redstone_ore":5,"minecraft:crimson_nylium":4,"minecraft:smoker":1,"minecraft:medium_amethyst_bud":1,"minecraft:amethyst_cluster":1,"minecraft:orange_terracotta":5,"minecraft:oxidized_cut_copper_stairs":1,"minecraft:powder_snow":21,"minecraft:clay":34,"minecraft:torch":14,"minecraft:light_gray_terracotta":1,"minecraft:calcite":7,"minecraft:poppy":2,"minecraft:melon":9,"minecraft:chest":4,"minecraft:dead_bush":1,"minecraft:nether_quartz_ore":6,"minecraft:cobblestone":93,"minecraft:white_candle":1,"minecraft:sugar_cane":95,"minecraft:oak_planks":6,"minecraft:wall_torch":30,"minecraft:amethyst_block":61,"minecraft:deepslate_copper_ore":1,"minecraft:white_terracotta":6,"minecraft:nether_wart_block":1,"minecraft:birch_log":25,"minecraft:lilac":14,"minecraft:waxed_copper_block":29,"minecraft:copper_block":2,"minecraft:grass":26,"minecraft:oak_log":144,"minecraft:waxed_oxidized_copper":83,"minecraft:dirt":275,"minecraft:smooth_basalt":7,"minecraft:stonecutter":2,"minecraft:dispenser":1,"minecraft:netherrack":97,"minecraft:oak_leaves":98,"minecraft:deepslate":1172,"minecraft:crying_obsidian":2,"minecraft:tuff":32,"minecraft:mossy_cobblestone":41,"minecraft:deepslate_diamond_ore":15,"minecraft:candle":3,"minecraft:bamboo_door":2,"minecraft:nether_bricks":24,"minecraft:glow_lichen":2,"minecraft:ladder":6,"minecraft:crimson_roots":2,"minecraft:spruce_leaves":53,"minecraft:moss_block":34,"minecraft:crimson_stem":5,"minecraft:large_fern":3,"minecraft:hay_block":28,"minecraft:oxidized_cut_copper":1,"minecraft:redstone_ore":8,"minecraft:waxed_oxidized_cut_copper":17,"minecraft:spruce_sapling":2,"minecraft:furnace":1,"minecraft:andesite":52,"minecraft:gold_block":3,"minecraft:bell":2,"minecraft:bookshelf":3,"minecraft:shroomlight":2,"minecraft:deepslate_iron_ore":18,"minecraft:vine":19,"minecraft:packed_ice":28,"minecraft:bamboo":113,"minecraft:stone":1411,"minecraft:podzol":1,"minecraft:oak_slab":2,"minecraft:flowering_azalea":4,"minecraft:dandelion":1,"minecraft:crafting_table":6,"minecraft:campfire":1,"minecraft:stone_slab":1,"minecraft:tall_grass":26,"minecraft:copper_ore":17,"minecraft:deepslate_gold_ore":8,"minecraft:lapis_ore":2,"minecraft:sculk":2,"minecraft:diorite":134,"minecraft:blue_bed":4,"minecraft:red_terracotta":8,"minecraft:coarse_dirt":33,"minecraft:sweet_berry_bush":2,"minecraft:spruce_log":109,"minecraft:birch_leaves":3,"minecraft:coal_ore":70,"minecraft:cocoa":1,"minecraft:gravel":161,"minecraft:dripstone_block":24,"minecraft:terracotta":21,"minecraft:mossy_stone_bricks":6,"minecraft:gold_ore":20,"minecraft:fern":4},"minecraft:used":{"minecraft:iron_shovel":255,"minecraft:ladder":152,"minecraft:chest":15,"minecraft:shield":10,"minecraft:stone":6,"minecraft:iron_sword":10,"minecraft:jungle_planks":37,"minecraft:obsidian":48,"minecraft:spruce_boat":2,"minecraft:magma_block":1,"minecraft:bow":29,"minecraft:sweet_berries":1,"minecraft:furnace":14,"minecraft:cooked_cod":9,"minecraft:egg":331,"smallships:bamboo_brigg":1,"minecraft:diorite":2,"minecraft:spruce_door":2,"minecraft:oak_planks":67,"minecraft:stone_pickaxe":924,"minecraft:wooden_pickaxe":48,"minecraft:sugar_cane":34,"minecraft:blue_bed":4,"minecraft:diamond_axe":560,"minecraft:melon_slice":2,"minecraft:bread":29,"minecraft:gravel":18,"minecraft:diamond_sword":113,"minecraft:wooden_sword":90,"minecraft:andesite":16,"minecraft:oak_boat":1,"minecraft:coarse_dirt":23,"minecraft:enchanting_table":1,"minecraft:flint_and_steel":23,"minecraft:stone_shovel":852,"minecraft:spruce_planks":69,"minecraft:wooden_shovel":34,"minecraft:cooked_chicken":1,"minecraft:stone_hoe":2,"minecraft:bamboo_door":5,"minecraft:netherrack":13,"minecraft:torch":269,"minecraft:dirt":414,"minecraft:granite":73,"minecraft:wooden_axe":45,"minecraft:bamboo_raft":2,"minecraft:jungle_log":2,"minecraft:bamboo":314,"minecraft:golden_carrot":2,"minecraft:cooked_beef":17,"minecraft:cobbled_deepslate":200,"minecraft:cobblestone_stairs":74,"minecraft:birch_planks":44,"minecraft:birch_boat":1,"minecraft:cobblestone_slab":6,"minecraft:stonecutter":1,"minecraft:oak_slab":2,"minecraft:crafting_table":21,"minecraft:cod":7,"minecraft:spruce_log":14,"minecraft:smoker":1,"minecraft:diamond_pickaxe":2378,"minecraft:apple":2,"minecraft:diamond_shovel":88,"minecraft:iron_pickaxe":751,"minecraft:spruce_sapling":18,"minecraft:stone_axe":270,"minecraft:cobblestone":521,"minecraft:porkchop":3,"minecraft:cooked_porkchop":31,"minecraft:pumpkin_pie":15},"minecraft:killed":{"minecraft:spider":5,"minecraft:cod":13,"minecraft:skeleton":10,"minecraft:chicken":3,"minecraft:piglin":8,"minecraft:pig":4,"minecraft:salmon":13,"minecraft:creeper":6,"minecraft:sheep":27,"minecraft:pillager":9,"minecraft:zombie":30,"minecraft:stray":1,"minecraft:blaze":2,"minecraft:cow":25,"minecraft:phantom":1,"minecraft:wandering_trader":1,"minecraft:hoglin":2,"minecraft:squid":1,"minecraft:enderman":2},"minecraft:picked_up":{"minecraft:stone_slab":1,"minecraft:lead":11,"minecraft:amethyst_block":60,"minecraft:string":4,"minecraft:raw_copper":69,"minecraft:soul_soil":3,"minecraft:shroomlight":2,"minecraft:gold_nugget":5,"minecraft:cobbled_deepslate":1162,"minecraft:spruce_planks":13,"minecraft:calcite":7,"minecraft:azalea":6,"minecraft:iron_pickaxe":1,"minecraft:melon_slice":74,"minecraft:furnace":1,"minecraft:golden_helmet":1,"minecraft:stick":79,"minecraft:torch":52,"minecraft:porkchop":16,"minecraft:pointed_dripstone":34,"minecraft:diorite":132,"minecraft:bamboo_door":2,"minecraft:rotten_flesh":42,"minecraft:tropical_fish":2,"minecraft:white_terracotta":6,"minecraft:snowball":4,"minecraft:obsidian":2,"minecraft:cod":7,"minecraft:cobblestone":1492,"minecraft:birch_log":24,"minecraft:magma_block":5,"minecraft:cooked_beef":1,"minecraft:feather":6,"minecraft:lilac":14,"minecraft:andesite":40,"minecraft:jungle_log":47,"minecraft:copper_block":3,"minecraft:smoker":1,"minecraft:flint":12,"minecraft:tuff":32,"minecraft:lapis_lazuli":14,"minecraft:dirt":1118,"minecraft:bone":32,"minecraft:stonecutter":2,"minecraft:bow":1,"minecraft:wheat_seeds":28,"minecraft:raw_gold":28,"minecraft:bell":2,"minecraft:mossy_stone_bricks":6,"minecraft:bamboo":1052,"minecraft:moss_block":34,"minecraft:oak_planks":10,"minecraft:cooked_porkchop":25,"minecraft:bamboo_raft":2,"minecraft:ink_sac":7,"minecraft:red_terracotta":8,"minecraft:mossy_cobblestone":40,"minecraft:light_gray_terracotta":1,"minecraft:white_candle":4,"minecraft:diamond":15,"minecraft:spruce_boat":1,"minecraft:granite":236,"minecraft:bone_meal":1,"minecraft:bread":8,"minecraft:emerald":6,"minecraft:oak_sapling":56,"minecraft:netherrack":113,"minecraft:oak_leaves":64,"minecraft:crimson_roots":1,"minecraft:diamond_pickaxe":1,"minecraft:crafting_table":6,"minecraft:waxed_oxidized_cut_copper":17,"minecraft:cocoa_beans":4,"minecraft:charcoal":2,"minecraft:coarse_dirt":29,"minecraft:chicken":3,"minecraft:ladder":7,"minecraft:clay_ball":136,"minecraft:wooden_pickaxe":1,"minecraft:gold_block":3,"minecraft:moss_carpet":7,"minecraft:candle":9,"minecraft:beef":49,"minecraft:jungle_sapling":5,"minecraft:poppy":4,"minecraft:light_gray_wool":1,"minecraft:sugar_cane":212,"minecraft:chest":4,"minecraft:birch_sapling":7,"minecraft:waxed_oxidized_copper":80,"minecraft:egg":104,"minecraft:raw_iron":74,"minecraft:fire_charge":1,"minecraft:redstone":58,"minecraft:cooked_cod":9,"minecraft:arrow":36,"minecraft:pumpkin_pie":1,"minecraft:nether_bricks":24,"minecraft:hay_block":28,"minecraft:gold_ingot":1,"minecraft:mutton":43,"minecraft:white_wool":41,"minecraft:oxidized_cut_copper_stairs":1,"minecraft:mud_bricks":64,"minecraft:crimson_stem":5,"minecraft:salmon":9,"minecraft:leather":41,"minecraft:packed_mud":64,"minecraft:oak_log":142,"minecraft:waxed_copper_block":28,"minecraft:nether_wart_block":1,"minecraft:gunpowder":5,"minecraft:cobblestone_stairs":2,"minecraft:blue_bed":4,"minecraft:white_banner":1,"minecraft:orange_terracotta":5,"minecraft:apple":14,"minecraft:kelp":7,"minecraft:iron_ingot":2,"minecraft:soul_sand":64,"minecraft:flowering_azalea":4,"minecraft:book":18,"minecraft:oak_slab":2,"minecraft:smooth_basalt":7,"minecraft:pumpkin":15,"minecraft:sweet_berries":15,"minecraft:quartz":6,"minecraft:dandelion":2,"minecraft:dripstone_block":23,"minecraft:gravel":143,"minecraft:amethyst_shard":4,"minecraft:spruce_sapling":30,"minecraft:spruce_log":108,"minecraft:crying_obsidian":68,"minecraft:spider_eye":1,"usefulbackpacks:backpack_large":2,"minecraft:stone_axe":1,"minecraft:diamond_axe":4,"minecraft:gray_wool":3,"minecraft:oak_button":1,"minecraft:terracotta":20,"minecraft:black_wool":1,"minecraft:coal":70,"minecraft:ender_pearl":1},"minecraft:crafted":{"minecraft:oak_planks":484,"minecraft:cobblestone_slab":6,"minecraft:birch_boat":1,"minecraft:cooked_chicken":1,"usefulbackpacks:backpack_small":1,"minecraft:cobblestone_stairs":116,"minecraft:diamond_shovel":1,"minecraft:bamboo_door":3,"smallships:sail":2,"minecraft:bamboo_block":58,"minecraft:iron_boots":1,"minecraft:chest":16,"minecraft:stone_hoe":1,"minecraft:golden_boots":2,"minecraft:bamboo_raft":3,"minecraft:wooden_shovel":1,"minecraft:cooked_porkchop":5,"minecraft:crafting_table":15,"minecraft:spruce_planks":212,"minecraft:wooden_pickaxe":1,"minecraft:iron_helmet":1,"minecraft:spruce_door":3,"minecraft:birch_planks":60,"minecraft:bamboo_planks":116,"minecraft:iron_chestplate":1,"minecraft:paper":18,"minecraft:diamond_pickaxe":1,"minecraft:charcoal":7,"minecraft:shield":1,"minecraft:stick":600,"minecraft:iron_pickaxe":3,"minecraft:iron_ingot":93,"usefulbackpacks:backpack_large":1,"minecraft:gold_ingot":18,"minecraft:wooden_sword":3,"minecraft:stone_shovel":7,"minecraft:bamboo_chest_raft":3,"minecraft:furnace":13,"minecraft:flint_and_steel":1,"minecraft:ladder":219,"minecraft:stone_pickaxe":7,"minecraft:filled_map":2,"usefulbackpacks:backpack_medium":1,"minecraft:spruce_boat":1,"minecraft:wheat":9,"minecraft:cooked_beef":18,"minecraft:enchanting_table":1,"minecraft:iron_sword":1,"minecraft:stone_axe":3,"minecraft:air":0,"minecraft:jungle_planks":52,"smallships:bamboo_brigg":1,"minecraft:oak_boat":1,"minecraft:wooden_axe":1,"minecraft:iron_shovel":1,"minecraft:iron_leggings":1,"minecraft:torch":208}},"DataVersion":3465}