{"stats":{"minecraft:custom":{"minecraft:time_since_rest":10477,"minecraft:sprint_one_cm":9737,"minecraft:play_time":10477,"minecraft:damage_taken":20,"minecraft:walk_one_cm":11465,"minecraft:sneak_time":28,"minecraft:jump":42,"minecraft:leave_game":3,"minecraft:time_since_death":10477,"minecraft:total_world_time":10477,"minecraft:interact_with_crafting_table":1,"minecraft:fall_one_cm":1362,"minecraft:fly_one_cm":8544},"minecraft:used":{"minecraft:wooden_axe":34,"minecraft:crafting_table":1},"minecraft:picked_up":{"minecraft:birch_log":6,"minecraft:stick":7,"minecraft:apple":2,"minecraft:oak_log":24,"minecraft:oak_sapling":6,"minecraft:birch_sapling":3},"minecraft:crafted":{"minecraft:oak_planks":8,"minecraft:birch_planks":8,"minecraft:crafting_table":1,"minecraft:stick":4,"minecraft:wooden_axe":1},"minecraft:mined":{"minecraft:oak_log":24,"minecraft:birch_log":6,"minecraft:birch_leaves":1,"minecraft:oak_leaves":10}},"DataVersion":3465}