{"stats":{"minecraft:custom":{"minecraft:time_since_rest":29102,"minecraft:sprint_one_cm":16246,"minecraft:interact_with_furnace":4,"minecraft:damage_taken":20,"minecraft:walk_one_cm":31314,"minecraft:interact_with_crafting_table":7,"minecraft:fly_one_cm":12822,"minecraft:open_chest":2,"minecraft:crouch_one_cm":96,"minecraft:play_time":29102,"minecraft:sneak_time":52,"minecraft:walk_under_water_one_cm":1349,"minecraft:jump":94,"minecraft:leave_game":4,"minecraft:time_since_death":29102,"minecraft:walk_on_water_one_cm":3616,"minecraft:total_world_time":29102,"minecraft:fall_one_cm":2734},"minecraft:used":{"minecraft:birch_door":1,"minecraft:wooden_axe":54,"minecraft:stone_pickaxe":7,"minecraft:oak_planks":34,"minecraft:chest":1,"minecraft:wooden_pickaxe":17,"minecraft:torch":2,"minecraft:crafting_table":2,"minecraft:furnace":1},"minecraft:picked_up":{"minecraft:birch_log":8,"minecraft:stick":9,"minecraft:raw_iron":2,"minecraft:torch":1,"minecraft:oak_log":35,"minecraft:dirt":7,"minecraft:apple":2,"minecraft:oak_sapling":8,"minecraft:birch_sapling":3,"minecraft:oak_planks":3,"minecraft:cobblestone":21,"minecraft:egg":1},"minecraft:crafted":{"minecraft:oak_planks":76,"minecraft:charcoal":14,"minecraft:crafting_table":2,"minecraft:stick":8,"minecraft:wooden_pickaxe":1,"minecraft:stone_pickaxe":1,"minecraft:wooden_axe":1,"minecraft:chest":1,"minecraft:furnace":1,"minecraft:birch_door":3,"minecraft:torch":36,"minecraft:birch_planks":16,"minecraft:stone_axe":1,"minecraft:air":0},"minecraft:mined":{"minecraft:iron_ore":2,"minecraft:birch_log":8,"minecraft:birch_leaves":1,"minecraft:torch":1,"minecraft:grass_block":4,"minecraft:oak_log":35,"minecraft:dirt":3,"minecraft:stone":21,"minecraft:oak_planks":3,"minecraft:oak_leaves":12}},"DataVersion":3465}