{"stats":{"minecraft:used":{"minecraft:iron_shovel":255,"minecraft:flint_and_steel":21,"minecraft:stone_shovel":852,"minecraft:ladder":119,"minecraft:chest":13,"minecraft:spruce_planks":69,"minecraft:shield":2,"minecraft:stone":5,"minecraft:iron_sword":10,"minecraft:cooked_chicken":1,"minecraft:wooden_shovel":34,"minecraft:stone_hoe":2,"minecraft:torch":184,"minecraft:dirt":408,"minecraft:granite":73,"minecraft:obsidian":45,"minecraft:spruce_boat":2,"minecraft:wooden_axe":45,"minecraft:furnace":6,"minecraft:egg":279,"minecraft:cooked_beef":6,"minecraft:cobbled_deepslate":184,"minecraft:cobblestone_stairs":73,"minecraft:spruce_door":2,"minecraft:cobblestone_slab":6,"minecraft:stone_pickaxe":924,"minecraft:oak_planks":1,"minecraft:sugar_cane":5,"minecraft:wooden_pickaxe":48,"minecraft:blue_bed":4,"minecraft:crafting_table":15,"minecraft:spruce_log":14,"minecraft:diamond_pickaxe":822,"minecraft:bread":27,"minecraft:melon_slice":2,"minecraft:iron_pickaxe":751,"minecraft:spruce_sapling":18,"minecraft:gravel":12,"minecraft:stone_axe":270,"minecraft:diamond_sword":6,"minecraft:cobblestone":321,"minecraft:cooked_porkchop":7,"minecraft:pumpkin_pie":1,"minecraft:oak_boat":1,"minecraft:coarse_dirt":23},"minecraft:killed":{"minecraft:spider":2,"minecraft:skeleton":3,"minecraft:chicken":1,"minecraft:pig":4,"minecraft:creeper":1,"minecraft:zombie":6,"minecraft:cow":3},"minecraft:mined":{"minecraft:tuff":32,"minecraft:spruce_planks":13,"minecraft:farmland":1,"minecraft:mossy_cobblestone":5,"minecraft:deepslate_diamond_ore":15,"minecraft:cobblestone_stairs":1,"minecraft:glow_lichen":2,"minecraft:ladder":1,"minecraft:granite":185,"minecraft:grass_block":816,"minecraft:spruce_leaves":34,"minecraft:large_fern":1,"minecraft:redstone_ore":8,"minecraft:spruce_sapling":2,"minecraft:furnace":1,"minecraft:iron_ore":49,"minecraft:cobbled_deepslate":37,"minecraft:fire":2,"minecraft:andesite":7,"minecraft:pumpkin":4,"minecraft:pointed_dripstone":11,"minecraft:cave_vines":2,"minecraft:deepslate_iron_ore":2,"minecraft:dirt_path":4,"minecraft:packed_ice":2,"minecraft:bamboo":4,"minecraft:stone":984,"minecraft:podzol":1,"minecraft:deepslate_redstone_ore":5,"minecraft:medium_amethyst_bud":1,"minecraft:amethyst_cluster":1,"minecraft:orange_terracotta":5,"minecraft:dandelion":1,"minecraft:powder_snow":2,"minecraft:clay":34,"minecraft:crafting_table":5,"minecraft:torch":9,"minecraft:light_gray_terracotta":1,"minecraft:calcite":7,"minecraft:melon":5,"minecraft:chest":4,"minecraft:dead_bush":1,"minecraft:campfire":1,"minecraft:copper_ore":9,"minecraft:cobblestone":65,"minecraft:lapis_ore":2,"minecraft:deepslate_gold_ore":8,"minecraft:sugar_cane":22,"minecraft:oak_planks":5,"minecraft:diorite":67,"minecraft:wall_torch":24,"minecraft:blue_bed":4,"minecraft:amethyst_block":61,"minecraft:white_terracotta":6,"minecraft:red_terracotta":8,"minecraft:coarse_dirt":32,"minecraft:birch_log":7,"minecraft:spruce_log":76,"minecraft:birch_leaves":3,"minecraft:oak_log":83,"minecraft:coal_ore":66,"minecraft:cocoa":1,"minecraft:gravel":115,"minecraft:dripstone_block":24,"minecraft:dirt":247,"minecraft:smooth_basalt":7,"minecraft:terracotta":21,"minecraft:gold_ore":20,"minecraft:oak_leaves":56,"minecraft:deepslate":704,"minecraft:fern":1},"minecraft:picked_up":{"minecraft:crafting_table":5,"minecraft:cocoa_beans":1,"minecraft:charcoal":2,"minecraft:coarse_dirt":28,"minecraft:ladder":2,"minecraft:chicken":1,"minecraft:clay_ball":136,"minecraft:lead":2,"minecraft:wooden_pickaxe":1,"minecraft:amethyst_block":60,"minecraft:raw_copper":34,"minecraft:cobbled_deepslate":720,"minecraft:spruce_planks":13,"minecraft:beef":9,"minecraft:calcite":7,"minecraft:poppy":1,"minecraft:iron_pickaxe":1,"minecraft:melon_slice":58,"minecraft:sugar_cane":58,"minecraft:chest":4,"minecraft:furnace":1,"minecraft:egg":101,"minecraft:stick":47,"minecraft:raw_iron":58,"minecraft:torch":39,"minecraft:porkchop":9,"minecraft:pointed_dripstone":34,"minecraft:diorite":66,"minecraft:redstone":58,"minecraft:arrow":6,"minecraft:rotten_flesh":15,"minecraft:tropical_fish":2,"minecraft:pumpkin_pie":1,"minecraft:white_terracotta":6,"minecraft:cobblestone":1044,"minecraft:birch_log":7,"minecraft:feather":3,"minecraft:andesite":7,"minecraft:leather":14,"minecraft:flint":10,"minecraft:tuff":32,"minecraft:oak_log":83,"minecraft:cobblestone_stairs":1,"minecraft:lapis_lazuli":14,"minecraft:dirt":1056,"minecraft:blue_bed":4,"minecraft:orange_terracotta":5,"minecraft:bone":4,"minecraft:apple":12,"minecraft:wheat_seeds":26,"minecraft:raw_gold":28,"minecraft:bamboo":113,"minecraft:oak_planks":6,"minecraft:smooth_basalt":7,"minecraft:pumpkin":4,"minecraft:dripstone_block":23,"minecraft:gravel":102,"minecraft:amethyst_shard":4,"minecraft:spruce_sapling":23,"minecraft:ink_sac":5,"minecraft:spruce_log":75,"minecraft:red_terracotta":8,"minecraft:mossy_cobblestone":5,"minecraft:light_gray_terracotta":1,"minecraft:spruce_boat":1,"minecraft:diamond":15,"minecraft:stone_axe":1,"minecraft:granite":179,"minecraft:bread":8,"minecraft:terracotta":20,"minecraft:oak_sapling":33,"minecraft:coal":64},"minecraft:custom":{"minecraft:interact_with_smithing_table":2,"minecraft:mob_kills":20,"minecraft:interact_with_crafting_table":52,"minecraft:bell_ring":7,"minecraft:leave_game":3,"minecraft:time_since_death":457621,"minecraft:climb_one_cm":42999,"minecraft:sprint_one_cm":471932,"minecraft:walk_one_cm":736128,"minecraft:damage_blocked_by_shield":265,"minecraft:drop":30,"minecraft:play_time":457621,"minecraft:sneak_time":4340,"minecraft:walk_under_water_one_cm":30132,"minecraft:boat_one_cm":80136,"minecraft:jump":3310,"minecraft:walk_on_water_one_cm":36755,"minecraft:total_world_time":457621,"minecraft:interact_with_furnace":38,"minecraft:interact_with_cartography_table":2,"minecraft:interact_with_loom":2,"minecraft:sleep_in_bed":8,"minecraft:time_since_rest":229621,"minecraft:damage_taken":2195,"minecraft:damage_dealt":2991,"minecraft:swim_one_cm":110,"minecraft:fly_one_cm":465827,"minecraft:open_chest":143,"minecraft:crouch_one_cm":16234,"minecraft:fall_one_cm":58520},"minecraft:broken":{"minecraft:iron_shovel":1,"minecraft:stone_pickaxe":7,"minecraft:stone_axe":1,"minecraft:iron_pickaxe":3,"minecraft:wooden_axe":1,"minecraft:stone_shovel":5},"minecraft:crafted":{"minecraft:oak_planks":316,"minecraft:stone_shovel":7,"minecraft:cobblestone_slab":6,"minecraft:cooked_chicken":1,"minecraft:furnace":5,"minecraft:cobblestone_stairs":116,"minecraft:flint_and_steel":1,"minecraft:iron_boots":1,"minecraft:ladder":219,"minecraft:stone_pickaxe":7,"minecraft:chest":11,"minecraft:spruce_boat":1,"minecraft:stone_hoe":1,"minecraft:cooked_beef":6,"minecraft:wooden_shovel":1,"minecraft:cooked_porkchop":5,"minecraft:crafting_table":10,"minecraft:spruce_planks":208,"minecraft:iron_helmet":1,"minecraft:wooden_pickaxe":1,"minecraft:iron_sword":1,"minecraft:spruce_door":3,"minecraft:stone_axe":3,"minecraft:air":0,"minecraft:oak_boat":1,"minecraft:iron_chestplate":1,"minecraft:diamond_pickaxe":1,"minecraft:charcoal":7,"minecraft:shield":1,"minecraft:stick":596,"minecraft:iron_ingot":39,"minecraft:iron_pickaxe":3,"minecraft:wooden_axe":1,"minecraft:iron_shovel":1,"minecraft:iron_leggings":1,"minecraft:torch":200},"minecraft:dropped":{"minecraft:bread":1,"minecraft:cobblestone":128,"minecraft:stick":24,"minecraft:dirt":37,"minecraft:iron_pickaxe":1,"minecraft:stone_axe":2,"minecraft:sugar_cane":53,"minecraft:raw_copper":3,"minecraft:obsidian":1,"minecraft:stone_shovel":2,"minecraft:rotten_flesh":9,"minecraft:clay_ball":8,"minecraft:oak_planks":1,"minecraft:wooden_pickaxe":2,"minecraft:arrow":1}},"DataVersion":3465}