{"stats":{"minecraft:killed_by":{"minecraft:drowned":3,"minecraft:zombie":1,"minecraft:spider":1},"minecraft:dropped":{"minecraft:iron_sword":1,"minecraft:soul_sand":64,"minecraft:moss_block":16,"minecraft:brown_mushroom":64,"minecraft:diamond_axe":1,"minecraft:cooked_beef":2,"minecraft:oak_pressure_plate":2,"minecraft:warped_fungus":1,"minecraft:mud_brick_slab":5,"minecraft:oak_log":8,"minecraft:ender_pearl":2,"minecraft:cooked_porkchop":35,"minecraft:crossbow":3,"minecraft:weeping_vines":1,"minecraft:glow_berries":1,"minecraft:rooted_dirt":64,"minecraft:leather":60,"minecraft:carrot_on_a_stick":1,"minecraft:birch_slab":2,"minecraft:flint":2,"minecraft:spruce_leaves":64,"minecraft:dirt":94,"minecraft:packed_mud":64,"minecraft:polished_diorite_stairs":15,"minecraft:crimson_roots":1,"minecraft:cooked_cod":27,"usefulbackpacks:backpack_small":1,"minecraft:wooden_sword":1,"minecraft:gold_nugget":12,"minecraft:bone_meal":1,"minecraft:phantom_membrane":2,"minecraft:sand":150,"minecraft:iron_pickaxe":3,"minecraft:birch_log":14,"minecraft:fishing_rod":3,"minecraft:white_wool":25,"minecraft:gold_ingot":2,"usefulbackpacks:backpack_large":1,"minecraft:bone":19,"minecraft:oak_door":2,"minecraft:gravel":1631,"minecraft:red_glazed_terracotta":64,"minecraft:crimson_fungus":1,"minecraft:stone_axe":6,"minecraft:sugar_cane":128,"minecraft:cooked_chicken":4,"minecraft:cobbled_deepslate":544,"minecraft:wheat":18,"minecraft:obsidian":16,"minecraft:rotten_flesh":42,"minecraft:oak_planks":1920,"minecraft:diamond_shovel":1,"minecraft:cooked_mutton":2,"minecraft:carrot":101,"minecraft:birch_fence_gate":1,"minecraft:leather_chestplate":1,"minecraft:gunpowder":2,"minecraft:charcoal":4,"minecraft:stone_brick_wall":64,"minecraft:leather_boots":1,"minecraft:chest":3,"minecraft:azalea":4,"minecraft:ladder":66,"minecraft:leather_leggings":1,"minecraft:arrow":585,"minecraft:crying_obsidian":64,"minecraft:quartz":26,"minecraft:oak_leaves":192,"minecraft:netherrack":15,"minecraft:egg":65,"minecraft:firework_rocket":2,"minecraft:stone_hoe":12,"minecraft:crimson_planks":64,"minecraft:water_bucket":2,"minecraft:enchanted_book":6,"minecraft:golden_boots":1,"minecraft:iron_ingot":14,"minecraft:bread":58,"minecraft:wheat_seeds":1796,"minecraft:golden_helmet":1,"minecraft:lilac":2,"minecraft:copper_block":1,"minecraft:bookshelf":1,"minecraft:diamond_leggings":1,"minecraft:cobblestone":3279,"minecraft:feather":256,"minecraft:lead":13,"minecraft:granite":197,"minecraft:copper_ingot":28,"minecraft:tropical_fish":1,"minecraft:grass_block":1,"minecraft:coal":65,"minecraft:stick":211,"minecraft:pufferfish":13,"minecraft:oxeye_daisy":2,"minecraft:lava_bucket":1,"minecraft:gray_wool":1,"minecraft:diorite":174,"minecraft:wooden_hoe":1,"minecraft:torch":76,"minecraft:leather_horse_armor":1,"minecraft:wooden_axe":1,"minecraft:rose_bush":1,"minecraft:yellow_glazed_terracotta":64,"minecraft:diamond_helmet":1,"minecraft:fire_charge":2,"minecraft:potion":1,"minecraft:iron_leggings":1,"minecraft:blue_glazed_terracotta":64,"minecraft:white_banner":1,"minecraft:iron_axe":2,"minecraft:smooth_stone":2,"minecraft:iron_shovel":2,"minecraft:paper":78,"minecraft:string":41,"minecraft:tripwire_hook":2,"minecraft:lily_pad":3,"minecraft:bucket":1,"minecraft:spruce_sapling":1,"minecraft:redstone":465,"minecraft:polished_diorite":64,"minecraft:moss_carpet":4,"minecraft:kelp":1,"minecraft:soul_soil":3,"minecraft:stone_sword":3,"minecraft:polished_diorite_slab":64,"minecraft:cobblestone_wall":192,"minecraft:raw_copper":80,"minecraft:diamond_hoe":1,"minecraft:deepslate":256,"minecraft:tuff":26,"minecraft:stone_shovel":15,"minecraft:clay_ball":43,"minecraft:iron_boots":2,"minecraft:iron_hoe":1,"minecraft:name_tag":1,"minecraft:shears":1,"minecraft:pumpkin_seeds":99,"minecraft:lightning_rod":4,"minecraft:flint_and_steel":3,"minecraft:filled_map":2,"minecraft:diamond_sword":1,"minecraft:cobblestone_slab":192,"minecraft:stone":320,"minecraft:mud_bricks":64,"minecraft:shield":6,"minecraft:diamond_chestplate":1,"minecraft:spruce_planks":1280,"minecraft:andesite":56,"minecraft:oak_boat":5,"minecraft:wooden_shovel":1,"minecraft:stone_pressure_plate":2,"minecraft:spider_eye":16,"minecraft:diamond_boots":1,"minecraft:bow":7,"minecraft:stone_pickaxe":12,"minecraft:nautilus_shell":1,"minecraft:magma_block":4,"minecraft:terracotta":1472},"minecraft:broken":{"minecraft:stone_pickaxe":17,"minecraft:stone_axe":2,"minecraft:iron_sword":1,"minecraft:fishing_rod":2,"minecraft:stone_shovel":2,"minecraft:stone_sword":1,"minecraft:stone_hoe":3,"minecraft:shield":2,"minecraft:leather_boots":2,"minecraft:iron_pickaxe":2},"minecraft:custom":{"minecraft:animals_bred":78,"minecraft:interact_with_crafting_table":191,"minecraft:open_barrel":3,"minecraft:leave_game":15,"minecraft:time_since_death":1294306,"minecraft:sprint_one_cm":3794620,"minecraft:damage_blocked_by_shield":8058,"minecraft:drop":715,"minecraft:talked_to_villager":16,"minecraft:play_time":2185768,"minecraft:deaths":5,"minecraft:jump":18214,"minecraft:walk_on_water_one_cm":258579,"minecraft:enchant_item":4,"minecraft:interact_with_furnace":97,"minecraft:interact_with_cartography_table":14,"minecraft:interact_with_loom":4,"minecraft:sleep_in_bed":31,"minecraft:damage_dealt":48595,"minecraft:crouch_one_cm":7020,"minecraft:interact_with_smithing_table":8,"minecraft:horse_one_cm":6902,"minecraft:interact_with_anvil":19,"minecraft:mob_kills":371,"minecraft:interact_with_campfire":88,"minecraft:climb_one_cm":16768,"minecraft:walk_one_cm":5606800,"minecraft:sneak_time":2909,"minecraft:walk_under_water_one_cm":127082,"minecraft:boat_one_cm":4318710,"minecraft:total_world_time":2185768,"minecraft:time_since_rest":120137,"minecraft:damage_taken":12709,"minecraft:swim_one_cm":256307,"minecraft:fly_one_cm":1831482,"minecraft:open_chest":868,"minecraft:fish_caught":192,"minecraft:fall_one_cm":276141},"minecraft:mined":{"minecraft:waxed_cut_copper_slab":1,"minecraft:stone_pressure_plate":1,"minecraft:white_bed":1,"minecraft:farmland":17,"minecraft:cobblestone_stairs":8,"minecraft:obsidian":34,"minecraft:granite":106,"minecraft:grass_block":156,"minecraft:jungle_log":11,"minecraft:oxeye_daisy":1,"minecraft:tall_seagrass":10,"minecraft:polished_blackstone_bricks":1,"minecraft:glowstone":18,"minecraft:fire":1,"minecraft:iron_ore":77,"minecraft:cobbled_deepslate":10,"minecraft:moss_carpet":1,"minecraft:pumpkin":17,"minecraft:deepslate_lapis_ore":22,"minecraft:azure_bluet":1,"minecraft:cave_vines":1,"minecraft:deepslate_redstone_ore":132,"minecraft:kelp_plant":10,"minecraft:powder_snow":8,"minecraft:clay":1,"minecraft:torch":21,"minecraft:melon":6,"minecraft:nether_quartz_ore":6,"minecraft:cobblestone":72,"minecraft:oak_planks":18,"minecraft:sugar_cane":58,"minecraft:wall_torch":22,"minecraft:birch_sapling":1,"minecraft:seagrass":30,"minecraft:birch_log":100,"minecraft:wheat":595,"minecraft:waxed_copper_block":19,"minecraft:pumpkin_stem":24,"minecraft:grass":8,"minecraft:oak_log":80,"minecraft:waxed_oxidized_copper":4,"minecraft:nether_gold_ore":8,"minecraft:sand":89,"minecraft:dirt":120,"minecraft:deepslate":792,"minecraft:tripwire_hook":2,"minecraft:oak_leaves":17,"minecraft:netherrack":10,"minecraft:tuff":55,"minecraft:oak_door":4,"minecraft:deepslate_diamond_ore":63,"minecraft:nether_bricks":8,"minecraft:glow_lichen":1,"minecraft:ladder":2,"minecraft:birch_slab":5,"minecraft:spruce_leaves":14,"minecraft:kelp":1,"minecraft:large_fern":2,"minecraft:redstone_ore":8,"minecraft:oak_trapdoor":4,"minecraft:waxed_oxidized_cut_copper":4,"minecraft:furnace":1,"minecraft:carrots":6,"minecraft:andesite":83,"minecraft:shroomlight":2,"minecraft:bookshelf":1,"minecraft:vine":1,"minecraft:deepslate_iron_ore":120,"minecraft:lantern":1,"minecraft:packed_ice":32,"minecraft:bamboo":61,"minecraft:stone":1130,"minecraft:soul_sand":1,"minecraft:dandelion":2,"minecraft:crafting_table":2,"minecraft:emerald_ore":2,"minecraft:rose_bush":1,"minecraft:copper_ore":16,"minecraft:tall_grass":58,"minecraft:deepslate_gold_ore":48,"minecraft:lapis_ore":13,"minecraft:diorite":132,"minecraft:birch_leaves":18,"minecraft:bee_nest":1,"minecraft:coal_ore":389,"minecraft:cocoa":13,"minecraft:gravel":308,"minecraft:small_dripleaf":1,"minecraft:gold_ore":7,"minecraft:fern":3},"minecraft:used":{"minecraft:moss_carpet":1,"minecraft:dispenser":1,"minecraft:ladder":23,"minecraft:oak_sign":4,"minecraft:chest":13,"minecraft:shield":206,"minecraft:stone":7,"minecraft:iron_sword":367,"minecraft:cocoa_beans":37,"minecraft:nether_bricks":2,"minecraft:carrot":22,"minecraft:tuff":11,"minecraft:obsidian":15,"minecraft:lava_bucket":29,"minecraft:grass_block":1,"minecraft:birch_sapling":1,"minecraft:quartz_block":1,"minecraft:item_frame":25,"minecraft:bow":52,"minecraft:furnace":4,"minecraft:cooked_cod":80,"minecraft:egg":272,"minecraft:diorite":6,"minecraft:stone_pickaxe":2444,"minecraft:oak_planks":105,"minecraft:wooden_pickaxe":54,"minecraft:sugar_cane":74,"minecraft:diamond_axe":179,"minecraft:glow_berries":29,"minecraft:loom":1,"minecraft:crossbow":10,"minecraft:firework_rocket":1,"minecraft:bread":35,"minecraft:gravel":7,"minecraft:diamond_sword":313,"minecraft:wooden_sword":33,"minecraft:andesite":9,"minecraft:oak_trapdoor":8,"minecraft:oak_boat":8,"minecraft:bone_meal":51,"minecraft:smithing_table":1,"minecraft:experience_bottle":2,"minecraft:enchanting_table":1,"minecraft:stone_sword":252,"minecraft:flint_and_steel":24,"minecraft:stone_shovel":472,"minecraft:cooked_salmon":14,"minecraft:cooked_chicken":48,"minecraft:stone_hoe":1972,"minecraft:oak_door":9,"minecraft:torch":707,"minecraft:dirt":284,"minecraft:anvil":1,"minecraft:granite":2,"minecraft:iron_hoe":1,"minecraft:wooden_axe":29,"minecraft:bookshelf":9,"minecraft:filled_map":6,"minecraft:jungle_log":12,"minecraft:bamboo":470,"minecraft:tripwire_hook":2,"minecraft:stone_pressure_plate":1,"minecraft:cooked_beef":33,"minecraft:cobbled_deepslate":90,"minecraft:wheat_seeds":975,"minecraft:cooked_mutton":12,"minecraft:water_bucket":94,"minecraft:cobblestone_stairs":72,"minecraft:birch_boat":4,"minecraft:cartography_table":1,"minecraft:fletching_table":1,"minecraft:crafting_table":10,"minecraft:white_bed":4,"minecraft:campfire":1,"minecraft:painting":1,"minecraft:oak_log":16,"minecraft:diamond_pickaxe":351,"minecraft:iron_pickaxe":772,"minecraft:map":1,"minecraft:stone_axe":255,"minecraft:fishing_rod":313,"minecraft:cobblestone":304,"minecraft:white_banner":2,"minecraft:cooked_porkchop":44,"minecraft:bucket":127},"minecraft:killed":{"minecraft:witch":1,"minecraft:spider":12,"minecraft:skeleton":49,"minecraft:chicken":103,"minecraft:piglin":2,"minecraft:pig":23,"minecraft:salmon":4,"minecraft:creeper":15,"minecraft:sheep":7,"minecraft:pillager":8,"minecraft:zombie":94,"minecraft:stray":1,"minecraft:blaze":1,"minecraft:cow":12,"minecraft:vindicator":1,"minecraft:phantom":3,"minecraft:drowned":14,"minecraft:wandering_trader":2,"minecraft:hoglin":4,"minecraft:enderman":7},"minecraft:picked_up":{"minecraft:wooden_axe":2,"minecraft:wheat":577,"minecraft:lead":32,"minecraft:diamond_sword":1,"minecraft:enchanted_book":7,"minecraft:potion":2,"minecraft:crimson_planks":64,"minecraft:string":57,"minecraft:waxed_cut_copper_slab":1,"minecraft:soul_soil":3,"minecraft:raw_copper":124,"minecraft:cooked_salmon":4,"minecraft:pufferfish":31,"minecraft:shroomlight":2,"minecraft:diamond_leggings":1,"minecraft:smooth_stone":2,"minecraft:gold_nugget":37,"minecraft:cobbled_deepslate":1017,"minecraft:bucket":2,"minecraft:spruce_planks":1280,"minecraft:rose_bush":2,"minecraft:cobblestone_slab":192,"minecraft:wooden_shovel":1,"minecraft:azalea":4,"minecraft:iron_pickaxe":7,"minecraft:melon_slice":34,"minecraft:iron_boots":1,"minecraft:furnace":1,"minecraft:tipped_arrow":1,"minecraft:golden_helmet":1,"minecraft:stick":274,"minecraft:torch":243,"minecraft:porkchop":66,"minecraft:lightning_rod":4,"minecraft:diorite":257,"minecraft:stone_sword":9,"minecraft:rotten_flesh":157,"minecraft:blue_glazed_terracotta":64,"minecraft:tropical_fish":3,"minecraft:bookshelf":1,"minecraft:leather_horse_armor":1,"minecraft:snowball":16,"minecraft:obsidian":100,"minecraft:cod":132,"minecraft:cobblestone":4019,"minecraft:nautilus_shell":2,"minecraft:birch_log":276,"minecraft:magma_block":4,"minecraft:feather":348,"minecraft:leather_chestplate":1,"minecraft:polished_diorite_slab":64,"minecraft:lilac":2,"minecraft:cooked_beef":23,"minecraft:andesite":89,"minecraft:water_bucket":9,"minecraft:birch_slab":7,"minecraft:jungle_log":12,"minecraft:copper_block":1,"minecraft:flint":39,"minecraft:tuff":46,"minecraft:lantern":1,"minecraft:lapis_lazuli":223,"minecraft:dirt":480,"minecraft:name_tag":3,"minecraft:leather_boots":6,"minecraft:bone":64,"minecraft:bow":12,"minecraft:wheat_seeds":3523,"minecraft:raw_gold":55,"minecraft:glowstone_dust":53,"minecraft:diamond_helmet":1,"minecraft:bamboo":736,"minecraft:moss_block":16,"minecraft:stone_hoe":14,"minecraft:oak_planks":2019,"minecraft:cooked_porkchop":30,"minecraft:oak_pressure_plate":2,"minecraft:birch_fence_gate":1,"minecraft:sand":152,"minecraft:grass_block":4,"minecraft:iron_hoe":1,"minecraft:dispenser":1,"minecraft:deepslate":256,"minecraft:diamond":63,"minecraft:crossbow":3,"minecraft:granite":241,"minecraft:bone_meal":1,"minecraft:bread":11,"minecraft:emerald":4,"minecraft:charcoal":4,"minecraft:rooted_dirt":64,"minecraft:waxed_oxidized_cut_copper":3,"minecraft:oak_sapling":1,"minecraft:netherrack":24,"minecraft:cocoa_beans":43,"minecraft:diamond_pickaxe":1,"minecraft:mud_brick_slab":5,"minecraft:oak_leaves":192,"minecraft:crimson_roots":4,"minecraft:spruce_leaves":64,"minecraft:fishing_rod":5,"minecraft:crafting_table":2,"minecraft:chicken":109,"minecraft:ladder":134,"minecraft:clay_ball":60,"minecraft:leather_leggings":1,"minecraft:brown_mushroom":64,"minecraft:wooden_pickaxe":1,"minecraft:stone_brick_wall":64,"minecraft:shield":6,"minecraft:oak_trapdoor":4,"minecraft:moss_carpet":5,"minecraft:iron_axe":2,"minecraft:wooden_sword":3,"minecraft:flint_and_steel":3,"minecraft:item_frame":4,"minecraft:white_carpet":1,"minecraft:iron_shovel":2,"usefulbackpacks:backpack_small":1,"minecraft:beef":28,"minecraft:oak_boat":14,"minecraft:poppy":1,"minecraft:sugar_cane":249,"minecraft:egg":354,"minecraft:chest":4,"minecraft:birch_sapling":8,"minecraft:phantom_membrane":3,"minecraft:diamond_hoe":1,"minecraft:raw_iron":212,"minecraft:stone":320,"minecraft:oak_door":8,"minecraft:copper_ingot":28,"minecraft:bowl":4,"minecraft:fire_charge":2,"minecraft:carrot":131,"minecraft:redstone":1125,"minecraft:stone_pressure_plate":3,"minecraft:weeping_vines":1,"minecraft:arrow":390,"minecraft:diamond_chestplate":1,"minecraft:stone_shovel":19,"minecraft:cooked_cod":13,"minecraft:pumpkin_pie":8,"minecraft:nether_bricks":2,"minecraft:shears":2,"minecraft:diamond_boots":1,"minecraft:gold_ingot":4,"minecraft:saddle":1,"minecraft:glow_berries":30,"minecraft:mutton":12,"minecraft:white_wool":40,"minecraft:oxeye_daisy":2,"minecraft:mud_bricks":64,"minecraft:tripwire_hook":6,"minecraft:salmon":40,"minecraft:leather":24,"minecraft:red_glazed_terracotta":64,"minecraft:carrot_on_a_stick":1,"minecraft:birch_planks":6,"minecraft:filled_map":5,"minecraft:packed_mud":64,"minecraft:crimson_fungus":1,"minecraft:waxed_copper_block":17,"minecraft:oak_log":80,"minecraft:yellow_glazed_terracotta":64,"minecraft:lily_pad":6,"minecraft:cobblestone_wall":192,"minecraft:golden_boots":2,"minecraft:gunpowder":20,"minecraft:cobblestone_stairs":8,"minecraft:wooden_hoe":2,"minecraft:paper":64,"minecraft:white_banner":1,"minecraft:cooked_mutton":10,"minecraft:apple":2,"minecraft:kelp":75,"minecraft:stone_pickaxe":15,"minecraft:cooked_chicken":20,"minecraft:iron_sword":4,"minecraft:soul_sand":65,"minecraft:book":3,"minecraft:warped_fungus":1,"minecraft:birch_boat":1,"minecraft:pumpkin":34,"minecraft:quartz":30,"minecraft:dandelion":2,"minecraft:gravel":1906,"minecraft:lava_bucket":1,"minecraft:spruce_sapling":1,"minecraft:white_bed":1,"minecraft:crying_obsidian":64,"usefulbackpacks:backpack_large":1,"minecraft:spider_eye":24,"minecraft:polished_diorite_stairs":15,"minecraft:firework_rocket":2,"minecraft:diamond_shovel":1,"minecraft:pumpkin_seeds":99,"minecraft:polished_diorite":64,"minecraft:stone_axe":12,"minecraft:diamond_axe":1,"minecraft:gray_wool":2,"minecraft:coal":606,"minecraft:ender_pearl":6},"minecraft:crafted":{"minecraft:oak_planks":300,"minecraft:oak_pressure_plate":2,"minecraft:cooked_chicken":27,"minecraft:birch_boat":3,"usefulbackpacks:backpack_small":1,"minecraft:loom":1,"minecraft:stone":6,"minecraft:cobblestone_stairs":64,"minecraft:bookshelf":9,"minecraft:cooked_mutton":4,"minecraft:quartz_block":1,"minecraft:glass":22,"minecraft:iron_boots":2,"minecraft:stone_pressure_plate":2,"minecraft:chest":4,"minecraft:stone_hoe":4,"minecraft:item_frame":6,"minecraft:wooden_shovel":1,"minecraft:arrow":60,"minecraft:cooked_porkchop":11,"minecraft:map":1,"minecraft:crafting_table":9,"minecraft:wooden_pickaxe":2,"minecraft:iron_helmet":1,"minecraft:smithing_table":1,"minecraft:copper_ingot":29,"minecraft:fletching_table":1,"minecraft:birch_planks":62,"minecraft:campfire":1,"minecraft:cartography_table":1,"minecraft:paper":99,"minecraft:iron_chestplate":1,"minecraft:book":28,"minecraft:wooden_hoe":1,"minecraft:diamond_pickaxe":1,"minecraft:shield":6,"minecraft:stick":310,"minecraft:iron_ingot":72,"minecraft:compass":1,"minecraft:iron_pickaxe":3,"minecraft:iron_block":3,"minecraft:stone_sword":2,"minecraft:gold_ingot":11,"minecraft:wooden_sword":2,"minecraft:oak_door":6,"minecraft:stone_shovel":5,"minecraft:fishing_rod":3,"minecraft:furnace":3,"minecraft:bone_meal":60,"minecraft:flint_and_steel":1,"minecraft:oak_trapdoor":4,"minecraft:ladder":9,"minecraft:stone_pickaxe":18,"minecraft:cooked_cod":32,"minecraft:diamond_sword":1,"minecraft:enchanting_table":1,"minecraft:iron_sword":1,"minecraft:cooked_salmon":11,"minecraft:bucket":4,"minecraft:stone_axe":2,"minecraft:bread":187,"minecraft:oak_boat":4,"minecraft:wooden_axe":1,"minecraft:iron_leggings":2,"minecraft:anvil":1,"minecraft:white_bed":3,"minecraft:torch":820,"minecraft:firework_rocket":3}},"DataVersion":3465}