{"stats":{"minecraft:killed":{"minecraft:witch":1,"minecraft:spider":9,"minecraft:skeleton":26,"minecraft:chicken":103,"minecraft:pig":20,"minecraft:salmon":4,"minecraft:creeper":9,"minecraft:sheep":7,"minecraft:pillager":2,"minecraft:zombie":56,"minecraft:cow":12,"minecraft:phantom":3,"minecraft:drowned":8,"minecraft:wandering_trader":2,"minecraft:enderman":2},"minecraft:dropped":{"minecraft:iron_sword":1,"minecraft:cooked_beef":2,"minecraft:oak_log":8,"minecraft:cooked_porkchop":10,"minecraft:leather":60,"minecraft:flint":1,"minecraft:dirt":90,"minecraft:cooked_cod":10,"minecraft:wooden_sword":1,"minecraft:sand":86,"minecraft:iron_pickaxe":1,"minecraft:birch_log":14,"minecraft:bone":1,"minecraft:gravel":28,"minecraft:stone_axe":1,"minecraft:cooked_chicken":4,"minecraft:cobbled_deepslate":347,"minecraft:rotten_flesh":13,"minecraft:cooked_mutton":2,"minecraft:chest":2,"minecraft:ladder":2,"minecraft:arrow":9,"minecraft:quartz":2,"minecraft:stone_hoe":3,"minecraft:iron_ingot":14,"minecraft:bread":58,"minecraft:wheat_seeds":1,"minecraft:bookshelf":1,"minecraft:cobblestone":906,"minecraft:lead":1,"minecraft:granite":68,"minecraft:copper_ingot":28,"minecraft:stick":19,"minecraft:oxeye_daisy":2,"minecraft:diorite":46,"minecraft:torch":6,"minecraft:wooden_hoe":1,"minecraft:wooden_axe":1,"minecraft:iron_leggings":1,"minecraft:paper":14,"minecraft:raw_copper":62,"minecraft:tuff":26,"minecraft:stone_shovel":2,"minecraft:iron_boots":1,"minecraft:pumpkin_seeds":35,"minecraft:filled_map":1,"minecraft:shield":4,"minecraft:andesite":56,"minecraft:wooden_shovel":1,"minecraft:bow":1,"minecraft:stone_pickaxe":9},"minecraft:custom":{"minecraft:animals_bred":78,"minecraft:interact_with_crafting_table":183,"minecraft:leave_game":7,"minecraft:time_since_death":477515,"minecraft:sprint_one_cm":2591279,"minecraft:damage_blocked_by_shield":5533,"minecraft:drop":227,"minecraft:talked_to_villager":10,"minecraft:play_time":1368977,"minecraft:deaths":5,"minecraft:jump":11405,"minecraft:walk_on_water_one_cm":200000,"minecraft:enchant_item":1,"minecraft:interact_with_furnace":97,"minecraft:interact_with_cartography_table":14,"minecraft:interact_with_loom":4,"minecraft:sleep_in_bed":28,"minecraft:damage_dealt":30436,"minecraft:crouch_one_cm":4931,"minecraft:horse_one_cm":6902,"minecraft:interact_with_smithing_table":6,"minecraft:mob_kills":266,"minecraft:interact_with_anvil":7,"minecraft:interact_with_campfire":77,"minecraft:climb_one_cm":5930,"minecraft:walk_one_cm":4140279,"minecraft:sneak_time":1695,"minecraft:walk_under_water_one_cm":75446,"minecraft:boat_one_cm":1501645,"minecraft:total_world_time":1368977,"minecraft:time_since_rest":20606,"minecraft:damage_taken":9619,"minecraft:swim_one_cm":199950,"minecraft:fly_one_cm":1122449,"minecraft:open_chest":516,"minecraft:fish_caught":185,"minecraft:fall_one_cm":189100},"minecraft:used":{"minecraft:moss_carpet":1,"minecraft:ladder":11,"minecraft:chest":4,"minecraft:shield":124,"minecraft:stone":2,"minecraft:iron_sword":367,"minecraft:carrot":22,"minecraft:tuff":8,"minecraft:obsidian":12,"minecraft:lava_bucket":29,"minecraft:birch_sapling":1,"minecraft:quartz_block":1,"minecraft:item_frame":10,"minecraft:bow":31,"minecraft:furnace":4,"minecraft:cooked_cod":16,"minecraft:egg":272,"minecraft:diorite":6,"minecraft:stone_pickaxe":2444,"minecraft:oak_planks":62,"minecraft:wooden_pickaxe":54,"minecraft:sugar_cane":74,"minecraft:loom":1,"minecraft:firework_rocket":1,"minecraft:bread":35,"minecraft:gravel":7,"minecraft:diamond_sword":22,"minecraft:wooden_sword":33,"minecraft:smithing_table":1,"minecraft:andesite":9,"minecraft:oak_boat":1,"minecraft:oak_trapdoor":8,"minecraft:enchanting_table":1,"minecraft:stone_sword":252,"minecraft:flint_and_steel":24,"minecraft:stone_shovel":472,"minecraft:cooked_salmon":14,"minecraft:stone_hoe":1972,"minecraft:cooked_chicken":48,"minecraft:oak_door":9,"minecraft:torch":516,"minecraft:dirt":231,"minecraft:anvil":1,"minecraft:granite":2,"minecraft:wooden_axe":29,"minecraft:bookshelf":9,"minecraft:filled_map":6,"minecraft:tripwire_hook":2,"minecraft:stone_pressure_plate":1,"minecraft:cooked_beef":30,"minecraft:cobbled_deepslate":83,"minecraft:wheat_seeds":975,"minecraft:cooked_mutton":12,"minecraft:water_bucket":85,"minecraft:cobblestone_stairs":72,"minecraft:cartography_table":1,"minecraft:birch_boat":4,"minecraft:fletching_table":1,"minecraft:crafting_table":7,"minecraft:white_bed":4,"minecraft:campfire":1,"minecraft:diamond_pickaxe":41,"minecraft:iron_pickaxe":522,"minecraft:map":1,"minecraft:stone_axe":255,"minecraft:fishing_rod":270,"minecraft:cobblestone":227,"minecraft:white_banner":1,"minecraft:cooked_porkchop":21,"minecraft:bucket":119},"minecraft:picked_up":{"minecraft:wooden_axe":2,"minecraft:wheat":559,"minecraft:lead":27,"minecraft:potion":1,"minecraft:enchanted_book":1,"minecraft:string":13,"minecraft:raw_copper":101,"minecraft:cooked_salmon":4,"minecraft:pufferfish":17,"minecraft:cobbled_deepslate":804,"minecraft:bucket":2,"minecraft:rose_bush":1,"minecraft:wooden_shovel":1,"minecraft:iron_pickaxe":5,"minecraft:furnace":1,"minecraft:stick":80,"minecraft:torch":160,"minecraft:porkchop":48,"minecraft:diorite":129,"minecraft:stone_sword":6,"minecraft:rotten_flesh":101,"minecraft:tropical_fish":2,"minecraft:bookshelf":1,"minecraft:obsidian":79,"minecraft:cod":127,"minecraft:cobblestone":1568,"minecraft:nautilus_shell":1,"minecraft:birch_log":275,"minecraft:feather":92,"minecraft:cooked_beef":20,"minecraft:birch_slab":5,"minecraft:water_bucket":6,"minecraft:andesite":88,"minecraft:flint":38,"minecraft:tuff":43,"minecraft:lapis_lazuli":160,"minecraft:dirt":423,"minecraft:name_tag":2,"minecraft:leather_boots":5,"minecraft:bone":32,"minecraft:bow":7,"minecraft:wheat_seeds":1726,"minecraft:raw_gold":35,"minecraft:stone_hoe":5,"minecraft:oak_planks":86,"minecraft:cooked_porkchop":22,"minecraft:sand":86,"minecraft:grass_block":1,"minecraft:diamond":63,"minecraft:granite":112,"minecraft:bread":11,"minecraft:oak_sapling":1,"minecraft:netherrack":3,"minecraft:diamond_pickaxe":1,"minecraft:fishing_rod":2,"minecraft:crafting_table":1,"minecraft:chicken":109,"minecraft:ladder":6,"minecraft:wooden_pickaxe":1,"minecraft:shield":4,"minecraft:moss_carpet":1,"minecraft:oak_trapdoor":4,"minecraft:wooden_sword":3,"minecraft:white_carpet":1,"minecraft:item_frame":4,"minecraft:beef":25,"minecraft:oak_boat":5,"minecraft:sugar_cane":121,"minecraft:chest":2,"minecraft:birch_sapling":8,"minecraft:phantom_membrane":1,"minecraft:egg":279,"minecraft:raw_iron":123,"minecraft:oak_door":6,"minecraft:copper_ingot":28,"minecraft:bowl":4,"minecraft:carrot":30,"minecraft:redstone":459,"minecraft:stone_pressure_plate":1,"minecraft:arrow":44,"minecraft:stone_shovel":6,"minecraft:cooked_cod":5,"minecraft:shears":1,"minecraft:saddle":1,"minecraft:mutton":12,"minecraft:white_wool":10,"minecraft:oxeye_daisy":2,"minecraft:tripwire_hook":4,"minecraft:salmon":39,"minecraft:leather":23,"minecraft:filled_map":5,"minecraft:birch_planks":6,"minecraft:oak_log":53,"minecraft:lily_pad":3,"minecraft:gunpowder":11,"minecraft:cobblestone_stairs":8,"minecraft:wooden_hoe":2,"minecraft:cooked_mutton":10,"minecraft:apple":2,"minecraft:kelp":74,"minecraft:stone_pickaxe":12,"minecraft:cooked_chicken":20,"minecraft:iron_sword":4,"minecraft:soul_sand":1,"minecraft:book":3,"minecraft:birch_boat":1,"minecraft:pumpkin":34,"minecraft:quartz":6,"minecraft:dandelion":2,"minecraft:gravel":299,"minecraft:white_bed":1,"minecraft:spider_eye":6,"minecraft:pumpkin_seeds":35,"minecraft:stone_axe":7,"minecraft:gray_wool":1,"minecraft:coal":391,"minecraft:ender_pearl":1},"minecraft:killed_by":{"minecraft:drowned":3,"minecraft:zombie":1,"minecraft:spider":1},"minecraft:crafted":{"minecraft:oak_planks":280,"minecraft:oak_pressure_plate":2,"minecraft:birch_boat":3,"minecraft:cooked_chicken":27,"minecraft:loom":1,"minecraft:stone":6,"minecraft:cobblestone_stairs":64,"minecraft:bookshelf":9,"minecraft:cooked_mutton":4,"minecraft:glass":22,"minecraft:quartz_block":1,"minecraft:iron_boots":2,"minecraft:stone_pressure_plate":2,"minecraft:chest":4,"minecraft:stone_hoe":4,"minecraft:item_frame":6,"minecraft:wooden_shovel":1,"minecraft:arrow":60,"minecraft:cooked_porkchop":11,"minecraft:map":1,"minecraft:crafting_table":6,"minecraft:wooden_pickaxe":2,"minecraft:iron_helmet":1,"minecraft:smithing_table":1,"minecraft:copper_ingot":29,"minecraft:fletching_table":1,"minecraft:birch_planks":62,"minecraft:campfire":1,"minecraft:cartography_table":1,"minecraft:wooden_hoe":1,"minecraft:iron_chestplate":1,"minecraft:book":28,"minecraft:paper":99,"minecraft:diamond_pickaxe":1,"minecraft:shield":6,"minecraft:stick":278,"minecraft:iron_ingot":72,"minecraft:compass":1,"minecraft:iron_pickaxe":3,"minecraft:iron_block":3,"minecraft:stone_sword":2,"minecraft:gold_ingot":9,"minecraft:wooden_sword":2,"minecraft:oak_door":6,"minecraft:stone_shovel":5,"minecraft:fishing_rod":3,"minecraft:furnace":3,"minecraft:oak_trapdoor":4,"minecraft:flint_and_steel":1,"minecraft:ladder":9,"minecraft:stone_pickaxe":18,"minecraft:cooked_cod":32,"minecraft:diamond_sword":1,"minecraft:enchanting_table":1,"minecraft:iron_sword":1,"minecraft:cooked_salmon":11,"minecraft:bucket":4,"minecraft:stone_axe":2,"minecraft:bread":187,"minecraft:oak_boat":1,"minecraft:wooden_axe":1,"minecraft:iron_leggings":2,"minecraft:anvil":1,"minecraft:white_bed":3,"minecraft:torch":476,"minecraft:firework_rocket":3},"minecraft:broken":{"minecraft:stone_pickaxe":17,"minecraft:stone_axe":2,"minecraft:iron_sword":1,"minecraft:fishing_rod":2,"minecraft:stone_shovel":2,"minecraft:stone_sword":1,"minecraft:stone_hoe":3,"minecraft:shield":2,"minecraft:leather_boots":2,"minecraft:iron_pickaxe":1},"minecraft:mined":{"minecraft:stone_pressure_plate":1,"minecraft:white_bed":1,"minecraft:farmland":17,"minecraft:cobblestone_stairs":8,"minecraft:obsidian":30,"minecraft:granite":105,"minecraft:grass_block":150,"minecraft:oxeye_daisy":1,"minecraft:polished_blackstone_bricks":1,"minecraft:tall_seagrass":10,"minecraft:iron_ore":43,"minecraft:cobbled_deepslate":9,"minecraft:pumpkin":17,"minecraft:moss_carpet":1,"minecraft:deepslate_lapis_ore":16,"minecraft:azure_bluet":1,"minecraft:deepslate_redstone_ore":89,"minecraft:kelp_plant":10,"minecraft:torch":16,"minecraft:nether_quartz_ore":6,"minecraft:cobblestone":67,"minecraft:sugar_cane":58,"minecraft:oak_planks":11,"minecraft:wall_torch":20,"minecraft:birch_sapling":1,"minecraft:seagrass":30,"minecraft:birch_log":100,"minecraft:wheat":595,"minecraft:pumpkin_stem":24,"minecraft:oak_log":53,"minecraft:sand":87,"minecraft:dirt":109,"minecraft:tripwire_hook":2,"minecraft:netherrack":3,"minecraft:oak_leaves":17,"minecraft:deepslate":771,"minecraft:tuff":52,"minecraft:deepslate_diamond_ore":63,"minecraft:oak_door":4,"minecraft:glow_lichen":1,"minecraft:ladder":2,"minecraft:birch_slab":5,"minecraft:spruce_leaves":7,"minecraft:kelp":1,"minecraft:redstone_ore":1,"minecraft:oak_trapdoor":4,"minecraft:furnace":1,"minecraft:carrots":6,"minecraft:andesite":82,"minecraft:bookshelf":1,"minecraft:deepslate_iron_ore":62,"minecraft:stone":1051,"minecraft:soul_sand":1,"minecraft:dandelion":2,"minecraft:crafting_table":1,"minecraft:rose_bush":1,"minecraft:tall_grass":58,"minecraft:copper_ore":15,"minecraft:lapis_ore":9,"minecraft:deepslate_gold_ore":35,"minecraft:diorite":129,"minecraft:birch_leaves":16,"minecraft:bee_nest":1,"minecraft:coal_ore":240,"minecraft:gravel":305,"minecraft:fern":1}},"DataVersion":3465}