{"stats":{"minecraft:used":{"minecraft:moss_carpet":1,"minecraft:ladder":11,"minecraft:oak_sign":4,"minecraft:chest":13,"minecraft:shield":124,"minecraft:stone":7,"minecraft:iron_sword":367,"minecraft:carrot":22,"minecraft:tuff":8,"minecraft:obsidian":12,"minecraft:lava_bucket":29,"minecraft:birch_sapling":1,"minecraft:quartz_block":1,"minecraft:item_frame":25,"minecraft:bow":31,"minecraft:furnace":4,"minecraft:cooked_cod":16,"minecraft:egg":272,"minecraft:diorite":6,"minecraft:stone_pickaxe":2444,"minecraft:oak_planks":62,"minecraft:wooden_pickaxe":54,"minecraft:sugar_cane":74,"minecraft:loom":1,"minecraft:firework_rocket":1,"minecraft:bread":35,"minecraft:gravel":7,"minecraft:diamond_sword":22,"minecraft:wooden_sword":33,"minecraft:smithing_table":1,"minecraft:andesite":9,"minecraft:oak_boat":1,"minecraft:oak_trapdoor":8,"minecraft:enchanting_table":1,"minecraft:stone_sword":252,"minecraft:flint_and_steel":24,"minecraft:stone_shovel":472,"minecraft:cooked_salmon":14,"minecraft:cooked_chicken":48,"minecraft:stone_hoe":1972,"minecraft:oak_door":9,"minecraft:torch":516,"minecraft:dirt":231,"minecraft:anvil":1,"minecraft:granite":2,"minecraft:wooden_axe":29,"minecraft:bookshelf":9,"minecraft:filled_map":6,"minecraft:tripwire_hook":2,"minecraft:stone_pressure_plate":1,"minecraft:cooked_beef":30,"minecraft:cobbled_deepslate":83,"minecraft:wheat_seeds":975,"minecraft:cooked_mutton":12,"minecraft:water_bucket":85,"minecraft:cobblestone_stairs":72,"minecraft:cartography_table":1,"minecraft:birch_boat":4,"minecraft:fletching_table":1,"minecraft:crafting_table":7,"minecraft:white_bed":4,"minecraft:campfire":1,"minecraft:painting":1,"minecraft:diamond_pickaxe":41,"minecraft:iron_pickaxe":522,"minecraft:map":1,"minecraft:stone_axe":255,"minecraft:fishing_rod":270,"minecraft:cobblestone":227,"minecraft:white_banner":2,"minecraft:cooked_porkchop":22,"minecraft:bucket":119},"minecraft:killed":{"minecraft:witch":1,"minecraft:spider":9,"minecraft:skeleton":26,"minecraft:chicken":103,"minecraft:pig":20,"minecraft:salmon":4,"minecraft:creeper":9,"minecraft:sheep":7,"minecraft:pillager":2,"minecraft:zombie":56,"minecraft:cow":12,"minecraft:phantom":3,"minecraft:drowned":8,"minecraft:wandering_trader":2,"minecraft:enderman":2},"minecraft:mined":{"minecraft:stone_pressure_plate":1,"minecraft:white_bed":1,"minecraft:farmland":17,"minecraft:cobblestone_stairs":8,"minecraft:obsidian":30,"minecraft:granite":105,"minecraft:grass_block":150,"minecraft:oxeye_daisy":1,"minecraft:polished_blackstone_bricks":1,"minecraft:tall_seagrass":10,"minecraft:iron_ore":43,"minecraft:cobbled_deepslate":9,"minecraft:moss_carpet":1,"minecraft:pumpkin":17,"minecraft:deepslate_lapis_ore":16,"minecraft:azure_bluet":1,"minecraft:deepslate_redstone_ore":89,"minecraft:kelp_plant":10,"minecraft:torch":16,"minecraft:nether_quartz_ore":6,"minecraft:cobblestone":67,"minecraft:oak_planks":11,"minecraft:sugar_cane":58,"minecraft:wall_torch":20,"minecraft:birch_sapling":1,"minecraft:seagrass":30,"minecraft:birch_log":100,"minecraft:wheat":595,"minecraft:pumpkin_stem":24,"minecraft:oak_log":53,"minecraft:sand":87,"minecraft:dirt":109,"minecraft:tripwire_hook":2,"minecraft:netherrack":3,"minecraft:oak_leaves":17,"minecraft:deepslate":771,"minecraft:tuff":52,"minecraft:oak_door":4,"minecraft:deepslate_diamond_ore":63,"minecraft:glow_lichen":1,"minecraft:ladder":2,"minecraft:birch_slab":5,"minecraft:spruce_leaves":7,"minecraft:kelp":1,"minecraft:redstone_ore":1,"minecraft:oak_trapdoor":4,"minecraft:furnace":1,"minecraft:carrots":6,"minecraft:andesite":82,"minecraft:bookshelf":1,"minecraft:deepslate_iron_ore":62,"minecraft:stone":1051,"minecraft:soul_sand":1,"minecraft:dandelion":2,"minecraft:crafting_table":1,"minecraft:rose_bush":1,"minecraft:copper_ore":15,"minecraft:tall_grass":58,"minecraft:deepslate_gold_ore":35,"minecraft:lapis_ore":9,"minecraft:diorite":129,"minecraft:birch_leaves":16,"minecraft:bee_nest":1,"minecraft:coal_ore":240,"minecraft:gravel":305,"minecraft:fern":1},"minecraft:killed_by":{"minecraft:drowned":3,"minecraft:zombie":1,"minecraft:spider":1},"minecraft:picked_up":{"minecraft:wooden_axe":2,"minecraft:wheat":577,"minecraft:lead":32,"minecraft:diamond_sword":1,"minecraft:potion":2,"minecraft:enchanted_book":2,"minecraft:crimson_planks":64,"minecraft:string":50,"minecraft:soul_soil":3,"minecraft:raw_copper":119,"minecraft:cooked_salmon":4,"minecraft:pufferfish":30,"minecraft:diamond_leggings":1,"minecraft:smooth_stone":2,"minecraft:gold_nugget":8,"minecraft:cobbled_deepslate":996,"minecraft:bucket":2,"minecraft:spruce_planks":1280,"minecraft:rose_bush":2,"minecraft:cobblestone_slab":192,"minecraft:azalea":4,"minecraft:wooden_shovel":1,"minecraft:iron_pickaxe":7,"minecraft:iron_boots":1,"minecraft:furnace":1,"minecraft:golden_helmet":1,"minecraft:stick":272,"minecraft:torch":224,"minecraft:porkchop":48,"minecraft:lightning_rod":4,"minecraft:diorite":257,"minecraft:stone_sword":9,"minecraft:rotten_flesh":105,"minecraft:blue_glazed_terracotta":64,"minecraft:tropical_fish":3,"minecraft:bookshelf":1,"minecraft:leather_horse_armor":1,"minecraft:obsidian":95,"minecraft:cod":127,"minecraft:magma_block":4,"minecraft:cobblestone":3936,"minecraft:nautilus_shell":2,"minecraft:birch_log":275,"minecraft:polished_diorite_slab":64,"minecraft:leather_chestplate":1,"minecraft:cooked_beef":20,"minecraft:feather":348,"minecraft:lilac":2,"minecraft:birch_slab":7,"minecraft:water_bucket":8,"minecraft:andesite":88,"minecraft:copper_block":1,"minecraft:flint":38,"minecraft:tuff":43,"minecraft:lapis_lazuli":160,"minecraft:dirt":423,"minecraft:name_tag":3,"minecraft:leather_boots":6,"minecraft:bone":35,"minecraft:bow":9,"minecraft:wheat_seeds":3521,"minecraft:raw_gold":35,"minecraft:diamond_helmet":1,"minecraft:moss_block":12,"minecraft:stone_hoe":14,"minecraft:oak_planks":2006,"minecraft:cooked_porkchop":22,"minecraft:oak_pressure_plate":2,"minecraft:birch_fence_gate":1,"minecraft:sand":150,"minecraft:grass_block":2,"minecraft:iron_hoe":1,"minecraft:diamond":63,"minecraft:deepslate":256,"minecraft:crossbow":3,"minecraft:granite":240,"minecraft:bone_meal":1,"minecraft:spruce_leaves":64,"minecraft:oak_leaves":192,"minecraft:bread":11,"minecraft:mud_brick_slab":5,"minecraft:rooted_dirt":64,"minecraft:oak_sapling":1,"minecraft:netherrack":3,"minecraft:diamond_pickaxe":1,"minecraft:crimson_roots":1,"minecraft:fishing_rod":5,"minecraft:charcoal":4,"minecraft:crafting_table":1,"minecraft:chicken":109,"minecraft:ladder":70,"minecraft:clay_ball":43,"minecraft:leather_leggings":1,"minecraft:brown_mushroom":64,"minecraft:wooden_pickaxe":1,"minecraft:stone_brick_wall":64,"minecraft:shield":6,"minecraft:oak_trapdoor":4,"minecraft:moss_carpet":5,"minecraft:iron_axe":2,"minecraft:wooden_sword":3,"minecraft:flint_and_steel":3,"minecraft:item_frame":4,"minecraft:white_carpet":1,"minecraft:iron_shovel":2,"minecraft:beef":25,"minecraft:oak_boat":9,"minecraft:sugar_cane":249,"minecraft:chest":3,"minecraft:birch_sapling":8,"minecraft:phantom_membrane":3,"minecraft:diamond_hoe":1,"minecraft:egg":343,"minecraft:raw_iron":123,"minecraft:stone":320,"minecraft:oak_door":8,"minecraft:copper_ingot":28,"minecraft:bowl":4,"minecraft:fire_charge":2,"minecraft:carrot":131,"minecraft:redstone":924,"minecraft:stone_pressure_plate":3,"minecraft:stone_shovel":19,"minecraft:arrow":108,"minecraft:weeping_vines":1,"minecraft:diamond_chestplate":1,"minecraft:cooked_cod":5,"minecraft:pumpkin_pie":8,"minecraft:shears":2,"minecraft:diamond_boots":1,"minecraft:saddle":1,"minecraft:mutton":12,"minecraft:white_wool":16,"minecraft:oxeye_daisy":2,"minecraft:mud_bricks":64,"minecraft:tripwire_hook":6,"minecraft:salmon":39,"minecraft:leather":23,"minecraft:red_glazed_terracotta":64,"minecraft:carrot_on_a_stick":1,"minecraft:filled_map":5,"minecraft:birch_planks":6,"minecraft:packed_mud":64,"minecraft:crimson_fungus":1,"minecraft:yellow_glazed_terracotta":64,"minecraft:oak_log":53,"minecraft:lily_pad":6,"minecraft:cobblestone_wall":192,"minecraft:golden_boots":1,"minecraft:gunpowder":13,"minecraft:cobblestone_stairs":8,"minecraft:wooden_hoe":2,"minecraft:paper":64,"minecraft:white_banner":1,"minecraft:cooked_mutton":10,"minecraft:apple":2,"minecraft:kelp":75,"minecraft:stone_pickaxe":15,"minecraft:cooked_chicken":20,"minecraft:iron_sword":4,"minecraft:soul_sand":65,"minecraft:book":3,"minecraft:warped_fungus":1,"minecraft:birch_boat":1,"minecraft:pumpkin":34,"minecraft:quartz":30,"minecraft:dandelion":2,"minecraft:gravel":1901,"minecraft:lava_bucket":1,"minecraft:white_bed":1,"minecraft:crying_obsidian":64,"minecraft:spider_eye":22,"minecraft:polished_diorite_stairs":15,"minecraft:firework_rocket":2,"minecraft:diamond_shovel":1,"minecraft:pumpkin_seeds":99,"minecraft:polished_diorite":64,"minecraft:stone_axe":12,"minecraft:diamond_axe":1,"minecraft:gray_wool":2,"minecraft:coal":455,"minecraft:ender_pearl":3},"minecraft:custom":{"minecraft:animals_bred":78,"minecraft:interact_with_crafting_table":183,"minecraft:leave_game":9,"minecraft:time_since_death":745934,"minecraft:sprint_one_cm":2625176,"minecraft:damage_blocked_by_shield":5533,"minecraft:drop":574,"minecraft:talked_to_villager":10,"minecraft:play_time":1637396,"minecraft:deaths":5,"minecraft:jump":11480,"minecraft:walk_on_water_one_cm":200323,"minecraft:enchant_item":2,"minecraft:interact_with_furnace":97,"minecraft:interact_with_cartography_table":14,"minecraft:interact_with_loom":4,"minecraft:sleep_in_bed":29,"minecraft:damage_dealt":30436,"minecraft:crouch_one_cm":4931,"minecraft:interact_with_smithing_table":6,"minecraft:horse_one_cm":6902,"minecraft:interact_with_anvil":12,"minecraft:mob_kills":266,"minecraft:interact_with_campfire":77,"minecraft:climb_one_cm":5930,"minecraft:walk_one_cm":4238911,"minecraft:sneak_time":1695,"minecraft:walk_under_water_one_cm":75446,"minecraft:boat_one_cm":1501645,"minecraft:total_world_time":1637396,"minecraft:time_since_rest":3896,"minecraft:damage_taken":9645,"minecraft:swim_one_cm":199950,"minecraft:fly_one_cm":1139135,"minecraft:open_chest":698,"minecraft:fish_caught":185,"minecraft:fall_one_cm":189100},"minecraft:broken":{"minecraft:stone_pickaxe":17,"minecraft:stone_axe":2,"minecraft:iron_sword":1,"minecraft:fishing_rod":2,"minecraft:stone_shovel":2,"minecraft:stone_sword":1,"minecraft:stone_hoe":3,"minecraft:shield":2,"minecraft:leather_boots":2,"minecraft:iron_pickaxe":1},"minecraft:crafted":{"minecraft:oak_planks":280,"minecraft:oak_pressure_plate":2,"minecraft:cooked_chicken":27,"minecraft:birch_boat":3,"minecraft:loom":1,"minecraft:stone":6,"minecraft:cobblestone_stairs":64,"minecraft:bookshelf":9,"minecraft:cooked_mutton":4,"minecraft:quartz_block":1,"minecraft:glass":22,"minecraft:iron_boots":2,"minecraft:stone_pressure_plate":2,"minecraft:chest":4,"minecraft:stone_hoe":4,"minecraft:item_frame":6,"minecraft:wooden_shovel":1,"minecraft:arrow":60,"minecraft:cooked_porkchop":11,"minecraft:map":1,"minecraft:crafting_table":6,"minecraft:wooden_pickaxe":2,"minecraft:iron_helmet":1,"minecraft:smithing_table":1,"minecraft:copper_ingot":29,"minecraft:fletching_table":1,"minecraft:birch_planks":62,"minecraft:campfire":1,"minecraft:cartography_table":1,"minecraft:paper":99,"minecraft:iron_chestplate":1,"minecraft:book":28,"minecraft:wooden_hoe":1,"minecraft:diamond_pickaxe":1,"minecraft:shield":6,"minecraft:stick":278,"minecraft:iron_ingot":72,"minecraft:compass":1,"minecraft:iron_pickaxe":3,"minecraft:iron_block":3,"minecraft:stone_sword":2,"minecraft:gold_ingot":9,"minecraft:wooden_sword":2,"minecraft:oak_door":6,"minecraft:stone_shovel":5,"minecraft:fishing_rod":3,"minecraft:furnace":3,"minecraft:flint_and_steel":1,"minecraft:oak_trapdoor":4,"minecraft:ladder":9,"minecraft:stone_pickaxe":18,"minecraft:cooked_cod":32,"minecraft:diamond_sword":1,"minecraft:enchanting_table":1,"minecraft:iron_sword":1,"minecraft:cooked_salmon":11,"minecraft:bucket":4,"minecraft:stone_axe":2,"minecraft:bread":187,"minecraft:oak_boat":1,"minecraft:wooden_axe":1,"minecraft:iron_leggings":2,"minecraft:anvil":1,"minecraft:white_bed":3,"minecraft:torch":476,"minecraft:firework_rocket":3},"minecraft:dropped":{"minecraft:iron_sword":1,"minecraft:soul_sand":64,"minecraft:moss_block":12,"minecraft:brown_mushroom":64,"minecraft:mud_brick_slab":5,"minecraft:diamond_axe":1,"minecraft:oak_pressure_plate":2,"minecraft:warped_fungus":1,"minecraft:cooked_beef":2,"minecraft:oak_log":8,"minecraft:ender_pearl":2,"minecraft:cooked_porkchop":10,"minecraft:crossbow":3,"minecraft:weeping_vines":1,"minecraft:rooted_dirt":64,"minecraft:leather":60,"minecraft:carrot_on_a_stick":1,"minecraft:birch_slab":2,"minecraft:flint":1,"minecraft:spruce_leaves":64,"minecraft:packed_mud":64,"minecraft:dirt":90,"minecraft:polished_diorite_stairs":15,"minecraft:crimson_roots":1,"minecraft:cooked_cod":10,"minecraft:gold_nugget":8,"minecraft:wooden_sword":1,"minecraft:bone_meal":1,"minecraft:phantom_membrane":2,"minecraft:sand":150,"minecraft:iron_pickaxe":3,"minecraft:birch_log":14,"minecraft:fishing_rod":3,"minecraft:white_wool":6,"minecraft:bone":2,"minecraft:oak_door":2,"minecraft:gravel":1629,"minecraft:red_glazed_terracotta":64,"minecraft:crimson_fungus":1,"minecraft:stone_axe":6,"minecraft:sugar_cane":128,"minecraft:cooked_chicken":4,"minecraft:cobbled_deepslate":539,"minecraft:wheat":18,"minecraft:obsidian":16,"minecraft:rotten_flesh":13,"minecraft:oak_planks":1920,"minecraft:diamond_shovel":1,"minecraft:cooked_mutton":2,"minecraft:carrot":101,"minecraft:birch_fence_gate":1,"minecraft:leather_chestplate":1,"minecraft:gunpowder":2,"minecraft:charcoal":4,"minecraft:stone_brick_wall":64,"minecraft:leather_boots":1,"minecraft:azalea":4,"minecraft:chest":3,"minecraft:ladder":66,"minecraft:leather_leggings":1,"minecraft:arrow":73,"minecraft:crying_obsidian":64,"minecraft:netherrack":15,"minecraft:quartz":26,"minecraft:oak_leaves":192,"minecraft:firework_rocket":2,"minecraft:egg":64,"minecraft:stone_hoe":12,"minecraft:crimson_planks":64,"minecraft:enchanted_book":1,"minecraft:water_bucket":2,"minecraft:golden_boots":1,"minecraft:iron_ingot":14,"minecraft:bread":58,"minecraft:wheat_seeds":1796,"minecraft:golden_helmet":1,"minecraft:lilac":2,"minecraft:copper_block":1,"minecraft:bookshelf":1,"minecraft:diamond_leggings":1,"minecraft:lead":6,"minecraft:feather":256,"minecraft:cobblestone":3274,"minecraft:granite":196,"minecraft:copper_ingot":28,"minecraft:tropical_fish":1,"minecraft:grass_block":1,"minecraft:coal":64,"minecraft:pufferfish":13,"minecraft:stick":211,"minecraft:oxeye_daisy":2,"minecraft:lava_bucket":1,"minecraft:gray_wool":1,"minecraft:diorite":174,"minecraft:wooden_hoe":1,"minecraft:torch":70,"minecraft:leather_horse_armor":1,"minecraft:wooden_axe":1,"minecraft:rose_bush":1,"minecraft:yellow_glazed_terracotta":64,"minecraft:diamond_helmet":1,"minecraft:fire_charge":2,"minecraft:potion":1,"minecraft:iron_leggings":1,"minecraft:blue_glazed_terracotta":64,"minecraft:white_banner":1,"minecraft:iron_axe":2,"minecraft:smooth_stone":2,"minecraft:iron_shovel":2,"minecraft:paper":78,"minecraft:string":37,"minecraft:tripwire_hook":2,"minecraft:lily_pad":3,"minecraft:redstone":465,"minecraft:polished_diorite":64,"minecraft:moss_carpet":4,"minecraft:kelp":1,"minecraft:soul_soil":3,"minecraft:stone_sword":3,"minecraft:polished_diorite_slab":64,"minecraft:cobblestone_wall":192,"minecraft:raw_copper":80,"minecraft:diamond_hoe":1,"minecraft:deepslate":256,"minecraft:tuff":26,"minecraft:stone_shovel":15,"minecraft:clay_ball":43,"minecraft:iron_boots":2,"minecraft:iron_hoe":1,"minecraft:name_tag":1,"minecraft:shears":1,"minecraft:pumpkin_seeds":99,"minecraft:lightning_rod":4,"minecraft:flint_and_steel":3,"minecraft:filled_map":1,"minecraft:diamond_sword":1,"minecraft:cobblestone_slab":192,"minecraft:stone":320,"minecraft:mud_bricks":64,"minecraft:shield":6,"minecraft:diamond_chestplate":1,"minecraft:spruce_planks":1280,"minecraft:andesite":56,"minecraft:oak_boat":4,"minecraft:wooden_shovel":1,"minecraft:stone_pressure_plate":2,"minecraft:spider_eye":16,"minecraft:diamond_boots":1,"minecraft:bow":3,"minecraft:stone_pickaxe":12,"minecraft:nautilus_shell":1,"minecraft:magma_block":4}},"DataVersion":3465}