{"stats":{"minecraft:custom":{"minecraft:animals_bred":22,"minecraft:interact_with_crafting_table":145,"minecraft:open_barrel":1,"minecraft:leave_game":30,"minecraft:time_since_death":694461,"minecraft:sprint_one_cm":5658582,"minecraft:damage_blocked_by_shield":4798,"minecraft:drop":577,"minecraft:talked_to_villager":2,"minecraft:play_time":1891658,"minecraft:deaths":22,"minecraft:jump":21167,"minecraft:walk_on_water_one_cm":413522,"minecraft:interact_with_furnace":253,"minecraft:interact_with_cartography_table":9,"minecraft:interact_with_loom":1,"minecraft:sleep_in_bed":32,"minecraft:damage_dealt":32606,"minecraft:player_kills":1,"minecraft:crouch_one_cm":16330,"minecraft:mob_kills":185,"minecraft:climb_one_cm":3952,"minecraft:walk_one_cm":4354652,"minecraft:sneak_time":13576,"minecraft:walk_under_water_one_cm":306322,"minecraft:boat_one_cm":2287680,"minecraft:interact_with_blast_furnace":2,"minecraft:total_world_time":1891658,"minecraft:pot_flower":3,"minecraft:time_since_rest":23271,"minecraft:damage_taken":22735,"minecraft:swim_one_cm":544541,"minecraft:fly_one_cm":3647267,"minecraft:open_chest":1138,"minecraft:fish_caught":13,"minecraft:fall_one_cm":466380},"minecraft:killed":{"minecraft:witch":1,"minecraft:spider":21,"minecraft:skeleton":33,"minecraft:chicken":10,"minecraft:salmon":6,"minecraft:creeper":3,"minecraft:sheep":1,"minecraft:trader_llama":2,"minecraft:zombie":73,"minecraft:phantom":2,"minecraft:drowned":14,"minecraft:wandering_trader":3,"minecraft:squid":2,"minecraft:enderman":1},"minecraft:killed_by":{"minecraft:creeper":3,"minecraft:drowned":4,"minecraft:zombie":5,"minecraft:player":2,"minecraft:spider":1,"minecraft:skeleton":5,"minecraft:phantom":1},"minecraft:crafted":{"minecraft:brick":36,"minecraft:smooth_stone":5,"minecraft:oak_planks":216,"minecraft:cobblestone_slab":180,"minecraft:barrel":21,"minecraft:birch_boat":1,"minecraft:cooked_chicken":82,"minecraft:birch_slab":6,"minecraft:stone":455,"minecraft:stone_brick_slab":6,"minecraft:bow":1,"minecraft:iron_boots":2,"minecraft:mossy_cobblestone_slab":6,"minecraft:stone_pressure_plate":2,"minecraft:chest":3,"minecraft:dried_kelp_block":23,"minecraft:stone_hoe":5,"minecraft:stone_bricks":192,"minecraft:oak_fence":51,"minecraft:flower_pot":3,"minecraft:polished_diorite_slab":72,"minecraft:raw_iron_block":5,"minecraft:arrow":88,"minecraft:cooked_porkchop":10,"minecraft:map":2,"minecraft:crafting_table":6,"minecraft:spruce_planks":260,"minecraft:iron_helmet":2,"minecraft:spruce_door":3,"minecraft:hay_block":11,"minecraft:birch_planks":28,"minecraft:campfire":15,"minecraft:iron_chestplate":2,"minecraft:shield":2,"minecraft:stone_slab":6,"minecraft:birch_fence":24,"minecraft:stick":472,"minecraft:iron_ingot":221,"minecraft:compass":2,"minecraft:iron_pickaxe":5,"minecraft:iron_block":1,"minecraft:gold_ingot":10,"minecraft:shears":2,"minecraft:wooden_sword":1,"minecraft:raw_iron":54,"minecraft:stone_shovel":29,"minecraft:stone_brick_wall":6,"minecraft:fishing_rod":2,"minecraft:iron_nugget":72,"minecraft:furnace":2,"minecraft:blast_furnace":1,"minecraft:bone_meal":102,"minecraft:white_carpet":6,"minecraft:lantern":8,"minecraft:polished_diorite":36,"minecraft:iron_axe":3,"minecraft:ladder":9,"minecraft:yellow_glazed_terracotta":10,"minecraft:spruce_slab":126,"minecraft:stone_pickaxe":26,"minecraft:cobblestone_wall":60,"minecraft:red_glazed_terracotta":25,"minecraft:blue_glazed_terracotta":32,"minecraft:cooked_beef":16,"minecraft:cooked_cod":19,"minecraft:dried_kelp":195,"minecraft:iron_sword":6,"minecraft:cooked_salmon":9,"minecraft:bucket":3,"minecraft:air":0,"minecraft:bread":33,"minecraft:oak_boat":5,"minecraft:oak_fence_gate":32,"minecraft:white_wool":2,"minecraft:iron_leggings":2,"minecraft:torch":784},"minecraft:mined":{"minecraft:spruce_planks":31,"minecraft:farmland":324,"minecraft:brewing_stand":1,"minecraft:carved_pumpkin":2,"minecraft:granite":34,"minecraft:stone_brick_wall":1,"minecraft:grass_block":417,"minecraft:soul_soil":3,"minecraft:mud_bricks":79,"minecraft:oxeye_daisy":1,"minecraft:smooth_stone":1,"minecraft:tall_seagrass":3,"minecraft:raw_iron_block":1,"minecraft:magma_block":4,"minecraft:brown_stained_glass":1,"minecraft:iron_ore":84,"minecraft:barrel":5,"minecraft:cobbled_deepslate":3,"minecraft:fire":1,"minecraft:moss_carpet":2,"minecraft:pumpkin":4,"minecraft:deepslate_lapis_ore":3,"minecraft:cave_vines":2,"minecraft:flowering_azalea_leaves":47,"minecraft:dirt_path":4,"minecraft:azalea_leaves":141,"minecraft:azalea":4,"minecraft:deepslate_redstone_ore":2,"minecraft:brown_mushroom":19,"minecraft:kelp_plant":106,"minecraft:crimson_nylium":2,"minecraft:soul_fire":1,"minecraft:powder_snow":4,"minecraft:clay":11,"minecraft:torch":12,"minecraft:mud_brick_stairs":4,"minecraft:dead_bush":4,"minecraft:polished_diorite_slab":39,"minecraft:nether_quartz_ore":11,"minecraft:cobblestone":49,"minecraft:oak_planks":1,"minecraft:sugar_cane":119,"minecraft:bricks":101,"minecraft:wall_torch":39,"minecraft:birch_sapling":2,"minecraft:seagrass":6,"minecraft:blue_terracotta":36,"minecraft:mud":2,"minecraft:birch_log":34,"minecraft:wheat":101,"minecraft:warped_fungus":1,"minecraft:yellow_glazed_terracotta":16,"minecraft:oak_log":564,"minecraft:oak_fence_gate":4,"minecraft:sand":1,"minecraft:dirt":310,"minecraft:netherrack":9,"minecraft:yellow_terracotta":10,"minecraft:oak_leaves":423,"minecraft:deepslate":179,"minecraft:suspicious_gravel":1,"minecraft:diamond_ore":1,"minecraft:tuff":16,"minecraft:mossy_cobblestone":84,"minecraft:oak_door":1,"minecraft:deepslate_diamond_ore":13,"minecraft:birch_fence_gate":2,"minecraft:spruce_leaves":211,"minecraft:moss_block":7,"minecraft:kelp":16,"minecraft:rooted_dirt":9,"minecraft:crimson_stem":8,"minecraft:large_fern":7,"minecraft:oak_trapdoor":1,"minecraft:packed_mud":19,"minecraft:spruce_sapling":4,"minecraft:furnace":4,"minecraft:carrots":79,"minecraft:black_glazed_terracotta":2,"minecraft:andesite":4,"minecraft:cobblestone_slab":1,"minecraft:deepslate_iron_ore":83,"minecraft:potted_spruce_sapling":2,"minecraft:stone":1467,"minecraft:podzol":4,"minecraft:mud_brick_slab":4,"minecraft:flowering_azalea":2,"minecraft:soul_sand":20,"minecraft:lily_of_the_valley":1,"minecraft:stone_brick_slab":1,"minecraft:dandelion":3,"minecraft:spruce_door":1,"minecraft:oak_fence":7,"minecraft:crafting_table":2,"minecraft:cornflower":2,"minecraft:emerald_ore":8,"minecraft:rose_bush":15,"minecraft:campfire":1,"minecraft:stone_slab":1,"minecraft:copper_ore":12,"minecraft:tall_grass":11,"minecraft:red_glazed_terracotta":1,"minecraft:deepslate_gold_ore":7,"minecraft:diorite":215,"minecraft:birch_planks":4,"minecraft:red_terracotta":33,"minecraft:coarse_dirt":5,"minecraft:sweet_berry_bush":43,"minecraft:white_carpet":2,"minecraft:spruce_log":165,"minecraft:coal_ore":306,"minecraft:gravel":159,"minecraft:dripstone_block":1,"minecraft:cracked_stone_bricks":1,"minecraft:stone_bricks":3,"minecraft:gold_ore":1,"minecraft:birch_fence":2,"minecraft:fern":10},"minecraft:dropped":{"minecraft:iron_sword":3,"minecraft:lapis_lazuli":37,"minecraft:cooked_beef":25,"minecraft:cooked_porkchop":10,"minecraft:glow_berries":1,"minecraft:rooted_dirt":8,"minecraft:leather":1,"minecraft:flint":3,"minecraft:spruce_leaves":43,"minecraft:dirt":21,"minecraft:seagrass":6,"minecraft:cooked_cod":1,"minecraft:iron_pickaxe":2,"minecraft:fishing_rod":1,"minecraft:gold_ingot":25,"minecraft:bone":22,"minecraft:gravel":8,"minecraft:red_glazed_terracotta":1,"minecraft:stone_axe":4,"minecraft:sugar_cane":1,"minecraft:cooked_chicken":10,"minecraft:iron_nugget":2,"minecraft:cobbled_deepslate":130,"minecraft:rotten_flesh":41,"minecraft:carrot":17,"minecraft:arrow":109,"minecraft:oak_leaves":35,"minecraft:egg":3,"minecraft:stone_hoe":4,"minecraft:water_bucket":4,"minecraft:iron_ingot":27,"minecraft:bread":8,"minecraft:wheat_seeds":4,"minecraft:golden_helmet":1,"minecraft:poisonous_potato":12,"minecraft:iron_helmet":1,"minecraft:cobblestone":66,"minecraft:lead":20,"minecraft:book":6,"minecraft:spectral_arrow":39,"minecraft:apple":3,"minecraft:granite":20,"minecraft:coal":1,"minecraft:diorite":2,"minecraft:torch":4,"minecraft:yellow_glazed_terracotta":12,"minecraft:fire_charge":2,"minecraft:iron_leggings":1,"minecraft:blue_glazed_terracotta":1,"minecraft:white_banner":3,"minecraft:string":8,"minecraft:bucket":2,"minecraft:spruce_sapling":1,"minecraft:kelp":9,"minecraft:sweet_berries":5,"minecraft:coarse_dirt":1,"minecraft:stone_sword":1,"minecraft:raw_copper":5,"minecraft:tuff":9,"minecraft:stone_shovel":31,"minecraft:iron_boots":1,"minecraft:shears":2,"minecraft:pumpkin_seeds":40,"minecraft:suspicious_stew":1,"minecraft:hay_block":11,"minecraft:stone":112,"minecraft:shield":1,"minecraft:spruce_planks":117,"minecraft:iron_chestplate":1,"minecraft:oak_boat":1,"minecraft:carved_pumpkin":1,"minecraft:spider_eye":3,"minecraft:stone_bricks":187,"minecraft:birch_boat":1,"minecraft:bow":2,"minecraft:stone_pickaxe":25},"minecraft:used":{"minecraft:moss_block":3,"minecraft:ladder":8,"minecraft:chest":4,"minecraft:shield":122,"minecraft:stone":86,"minecraft:iron_sword":787,"minecraft:spruce_leaves":130,"minecraft:rotten_flesh":1,"minecraft:iron_chestplate":2,"minecraft:mutton":1,"minecraft:lily_of_the_valley":1,"minecraft:carrot":253,"minecraft:tuff":7,"minecraft:grass_block":1,"minecraft:birch_sapling":2,"minecraft:lantern":8,"minecraft:packed_mud":1,"minecraft:iron_helmet":3,"minecraft:mossy_cobblestone_slab":3,"minecraft:stone_bricks":3,"minecraft:bow":5,"minecraft:oak_sapling":3,"minecraft:sweet_berries":76,"minecraft:furnace":5,"minecraft:yellow_glazed_terracotta":1,"minecraft:cooked_cod":43,"minecraft:egg":131,"minecraft:diorite":51,"minecraft:spruce_door":2,"minecraft:stone_pickaxe":1839,"minecraft:polished_diorite_slab":40,"minecraft:sugar_cane":14,"minecraft:oak_leaves":54,"minecraft:glow_berries":6,"minecraft:blast_furnace":1,"minecraft:stone_brick_wall":7,"minecraft:dripstone_block":3,"minecraft:pumpkin_seeds":1,"minecraft:shears":405,"minecraft:birch_fence":4,"minecraft:blue_glazed_terracotta":1,"minecraft:birch_fence_gate":2,"minecraft:birch_slab":5,"minecraft:bread":120,"minecraft:string":1,"minecraft:gravel":24,"minecraft:flowering_azalea_leaves":15,"minecraft:diamond_sword":254,"minecraft:oak_fence":10,"minecraft:azalea":6,"minecraft:coarse_dirt":3,"minecraft:oak_boat":24,"minecraft:oak_trapdoor":1,"minecraft:bone_meal":102,"minecraft:rose_bush":15,"minecraft:stone_sword":151,"minecraft:dead_bush":1,"minecraft:carved_pumpkin":1,"minecraft:stone_shovel":1053,"minecraft:spruce_planks":18,"minecraft:cooked_salmon":9,"minecraft:stone_hoe":47,"minecraft:cooked_chicken":45,"minecraft:torch":851,"minecraft:dirt":1156,"minecraft:white_carpet":9,"minecraft:cobblestone_wall":1,"minecraft:golden_chestplate":1,"minecraft:granite":8,"minecraft:oak_fence_gate":28,"minecraft:fern":1,"minecraft:stone_brick_slab":4,"minecraft:flowering_azalea":2,"minecraft:iron_axe":460,"minecraft:iron_boots":1,"minecraft:mud_bricks":1,"minecraft:barrel":13,"minecraft:stone_pressure_plate":2,"minecraft:cooked_beef":22,"minecraft:cobbled_deepslate":7,"minecraft:pumpkin":2,"minecraft:iron_leggings":2,"minecraft:wheat_seeds":113,"minecraft:water_bucket":109,"minecraft:birch_planks":2,"minecraft:birch_boat":8,"minecraft:red_glazed_terracotta":5,"minecraft:cobblestone_slab":23,"minecraft:salmon":1,"minecraft:mossy_cobblestone":2,"minecraft:crafting_table":6,"minecraft:campfire":15,"minecraft:spruce_log":39,"minecraft:oak_log":1,"minecraft:oxeye_daisy":1,"minecraft:flower_pot":3,"minecraft:cornflower":2,"minecraft:diamond_pickaxe":2,"minecraft:apple":2,"minecraft:chicken":1,"minecraft:iron_pickaxe":1159,"minecraft:map":2,"minecraft:stone_slab":6,"minecraft:spruce_sapling":22,"minecraft:stone_axe":539,"minecraft:fishing_rod":19,"minecraft:cobblestone":127,"minecraft:azalea_leaves":19,"minecraft:cooked_porkchop":72,"minecraft:bucket":113,"minecraft:pumpkin_pie":1,"minecraft:dandelion":4,"minecraft:smooth_stone":1},"minecraft:broken":{"minecraft:shears":1,"minecraft:stone_pickaxe":13,"minecraft:stone_axe":2,"minecraft:iron_sword":2,"minecraft:stone_shovel":7,"minecraft:stone_sword":1,"minecraft:shield":1,"minecraft:iron_pickaxe":2},"minecraft:picked_up":{"minecraft:seagrass":13,"minecraft:iron_chestplate":4,"minecraft:wheat":110,"minecraft:flower_pot":2,"minecraft:suspicious_stew":1,"minecraft:stone_slab":1,"minecraft:lead":52,"minecraft:nether_brick":4,"minecraft:brewing_stand":1,"minecraft:string":46,"minecraft:soul_soil":3,"minecraft:raw_copper":55,"minecraft:cooked_salmon":2,"minecraft:iron_leggings":1,"minecraft:pufferfish":4,"minecraft:smooth_stone":1,"minecraft:cobbled_deepslate":280,"minecraft:bucket":5,"minecraft:black_glazed_terracotta":2,"minecraft:spruce_planks":472,"minecraft:rose_bush":15,"minecraft:cobblestone_slab":1,"minecraft:azalea":9,"minecraft:iron_pickaxe":15,"minecraft:azalea_leaves":19,"minecraft:iron_boots":2,"minecraft:furnace":4,"minecraft:golden_helmet":2,"minecraft:stick":614,"minecraft:oak_fence":7,"minecraft:torch":547,"minecraft:porkchop":3,"minecraft:diorite":217,"minecraft:stone_sword":8,"minecraft:rotten_flesh":127,"minecraft:blue_glazed_terracotta":1,"minecraft:carved_pumpkin":3,"minecraft:obsidian":2,"minecraft:cod":6,"minecraft:cobblestone":2237,"minecraft:birch_log":81,"minecraft:magma_block":4,"minecraft:leather_chestplate":2,"minecraft:polished_diorite_slab":114,"minecraft:feather":17,"minecraft:cooked_beef":43,"minecraft:water_bucket":7,"minecraft:andesite":1,"minecraft:mud_brick_stairs":4,"minecraft:potato":1,"minecraft:flint":17,"minecraft:tuff":17,"minecraft:lapis_lazuli":149,"minecraft:dirt":1403,"minecraft:name_tag":1,"minecraft:bone":127,"minecraft:bow":9,"minecraft:wheat_seeds":546,"minecraft:raw_gold":8,"minecraft:moss_block":15,"minecraft:stone_hoe":9,"minecraft:oak_planks":1,"minecraft:cooked_porkchop":22,"minecraft:poisonous_potato":18,"minecraft:birch_fence_gate":2,"minecraft:sand":25,"minecraft:ink_sac":7,"minecraft:dead_bush":3,"minecraft:grass_block":1,"minecraft:lily_of_the_valley":2,"minecraft:spectral_arrow":38,"minecraft:red_terracotta":33,"minecraft:barrel":5,"minecraft:mossy_cobblestone":168,"minecraft:blue_terracotta":40,"minecraft:sugar":2,"minecraft:diamond":14,"minecraft:granite":31,"minecraft:bone_meal":1,"minecraft:emerald":9,"minecraft:bread":178,"minecraft:rooted_dirt":17,"minecraft:oak_sapling":145,"minecraft:netherrack":7,"minecraft:bricks":99,"minecraft:fishing_rod":6,"minecraft:oak_leaves":249,"minecraft:coarse_dirt":5,"minecraft:mud_brick_slab":4,"minecraft:spruce_leaves":223,"minecraft:charcoal":6,"minecraft:mud":2,"minecraft:crafting_table":3,"minecraft:chicken":15,"minecraft:clay_ball":77,"minecraft:brown_mushroom":49,"minecraft:stone_brick_wall":1,"minecraft:shield":23,"minecraft:cornflower":2,"minecraft:oak_trapdoor":1,"minecraft:moss_carpet":4,"minecraft:iron_axe":3,"minecraft:white_carpet":2,"minecraft:birch_fence":2,"minecraft:blackstone":12,"minecraft:cracked_stone_bricks":1,"minecraft:oak_boat":25,"minecraft:iron_nugget":1,"minecraft:sugar_cane":235,"minecraft:chest":2,"minecraft:birch_sapling":36,"minecraft:egg":152,"minecraft:raw_iron":185,"minecraft:stone":48,"minecraft:oak_door":2,"minecraft:flowering_azalea_leaves":15,"minecraft:fire_charge":3,"minecraft:carrot":528,"minecraft:redstone":21,"minecraft:arrow":171,"minecraft:stone_shovel":39,"minecraft:cooked_cod":53,"minecraft:shears":9,"minecraft:yellow_terracotta":10,"minecraft:gold_ingot":9,"minecraft:glow_berries":7,"minecraft:mutton":5,"minecraft:white_wool":4,"minecraft:oxeye_daisy":1,"minecraft:mud_bricks":80,"minecraft:crimson_stem":9,"minecraft:salmon":9,"minecraft:leather":16,"minecraft:fern":1,"minecraft:filled_map":2,"minecraft:birch_planks":72,"minecraft:packed_mud":18,"minecraft:oak_log":635,"minecraft:yellow_glazed_terracotta":15,"minecraft:gunpowder":4,"minecraft:white_banner":3,"minecraft:apple":26,"minecraft:stone_bricks":8,"minecraft:kelp":874,"minecraft:iron_ingot":67,"minecraft:oak_fence_gate":4,"minecraft:stone_pickaxe":58,"minecraft:cooked_chicken":21,"minecraft:iron_sword":17,"minecraft:flowering_azalea":3,"minecraft:soul_sand":20,"minecraft:book":6,"minecraft:warped_fungus":1,"minecraft:birch_boat":11,"minecraft:sweet_berries":121,"minecraft:stone_brick_slab":1,"minecraft:quartz":21,"minecraft:dandelion":4,"minecraft:raw_iron_block":1,"minecraft:dripstone_block":3,"minecraft:gravel":192,"minecraft:spruce_sapling":55,"minecraft:spruce_log":184,"minecraft:crying_obsidian":2,"minecraft:spruce_door":3,"minecraft:spider_eye":8,"minecraft:pumpkin_seeds":49,"minecraft:stone_axe":30,"minecraft:iron_helmet":4,"minecraft:terracotta":1472,"minecraft:coal":755}},"DataVersion":3465}