{"stats":{"minecraft:picked_up":{"minecraft:seagrass":10,"minecraft:iron_chestplate":4,"minecraft:wheat":110,"minecraft:flower_pot":2,"minecraft:suspicious_stew":1,"minecraft:stone_slab":1,"minecraft:lead":52,"minecraft:nether_brick":4,"minecraft:string":41,"minecraft:soul_soil":3,"minecraft:raw_copper":50,"minecraft:cooked_salmon":2,"minecraft:iron_leggings":1,"minecraft:pufferfish":4,"minecraft:cobbled_deepslate":258,"minecraft:smooth_stone":1,"minecraft:bucket":4,"minecraft:black_glazed_terracotta":2,"minecraft:spruce_planks":450,"minecraft:rose_bush":15,"minecraft:cobblestone_slab":1,"minecraft:azalea":9,"minecraft:iron_pickaxe":15,"minecraft:azalea_leaves":19,"minecraft:iron_boots":2,"minecraft:golden_helmet":2,"minecraft:stick":606,"minecraft:torch":513,"minecraft:porkchop":3,"minecraft:diorite":215,"minecraft:stone_sword":8,"minecraft:rotten_flesh":96,"minecraft:blue_glazed_terracotta":1,"minecraft:carved_pumpkin":3,"minecraft:obsidian":2,"minecraft:cod":6,"minecraft:cobblestone":2080,"minecraft:birch_log":81,"minecraft:magma_block":4,"minecraft:leather_chestplate":2,"minecraft:polished_diorite_slab":114,"minecraft:feather":17,"minecraft:cooked_beef":43,"minecraft:water_bucket":7,"minecraft:andesite":1,"minecraft:mud_brick_stairs":4,"minecraft:flint":16,"minecraft:tuff":15,"minecraft:lapis_lazuli":137,"minecraft:dirt":1351,"minecraft:bone":121,"minecraft:bow":8,"minecraft:wheat_seeds":546,"minecraft:raw_gold":5,"minecraft:moss_block":15,"minecraft:stone_hoe":9,"minecraft:cooked_porkchop":22,"minecraft:poisonous_potato":18,"minecraft:birch_fence_gate":2,"minecraft:ink_sac":7,"minecraft:grass_block":1,"minecraft:lily_of_the_valley":2,"minecraft:spectral_arrow":38,"minecraft:red_terracotta":33,"minecraft:mossy_cobblestone":168,"minecraft:blue_terracotta":40,"minecraft:sugar":2,"minecraft:diamond":11,"minecraft:granite":26,"minecraft:bone_meal":1,"minecraft:bread":178,"minecraft:rooted_dirt":17,"minecraft:oak_sapling":145,"minecraft:netherrack":7,"minecraft:bricks":99,"minecraft:fishing_rod":6,"minecraft:oak_leaves":249,"minecraft:coarse_dirt":4,"minecraft:mud_brick_slab":4,"minecraft:spruce_leaves":223,"minecraft:charcoal":6,"minecraft:mud":2,"minecraft:crafting_table":2,"minecraft:chicken":15,"minecraft:clay_ball":77,"minecraft:brown_mushroom":49,"minecraft:stone_brick_wall":1,"minecraft:shield":23,"minecraft:cornflower":2,"minecraft:moss_carpet":4,"minecraft:iron_axe":3,"minecraft:white_carpet":2,"minecraft:birch_fence":2,"minecraft:blackstone":12,"minecraft:cracked_stone_bricks":1,"minecraft:oak_boat":23,"minecraft:sugar_cane":235,"minecraft:chest":1,"minecraft:birch_sapling":36,"minecraft:egg":152,"minecraft:raw_iron":103,"minecraft:stone":48,"minecraft:oak_door":2,"minecraft:flowering_azalea_leaves":15,"minecraft:fire_charge":3,"minecraft:carrot":528,"minecraft:redstone":13,"minecraft:arrow":158,"minecraft:stone_shovel":39,"minecraft:cooked_cod":53,"minecraft:shears":9,"minecraft:yellow_terracotta":10,"minecraft:gold_ingot":7,"minecraft:glow_berries":6,"minecraft:mutton":5,"minecraft:white_wool":4,"minecraft:oxeye_daisy":1,"minecraft:mud_bricks":80,"minecraft:crimson_stem":9,"minecraft:salmon":9,"minecraft:leather":16,"minecraft:fern":1,"minecraft:filled_map":1,"minecraft:birch_planks":72,"minecraft:packed_mud":18,"minecraft:oak_log":635,"minecraft:yellow_glazed_terracotta":15,"minecraft:gunpowder":4,"minecraft:white_banner":3,"minecraft:apple":21,"minecraft:stone_bricks":8,"minecraft:kelp":873,"minecraft:iron_ingot":66,"minecraft:stone_pickaxe":58,"minecraft:cooked_chicken":21,"minecraft:iron_sword":17,"minecraft:flowering_azalea":3,"minecraft:soul_sand":20,"minecraft:book":6,"minecraft:warped_fungus":1,"minecraft:birch_boat":11,"minecraft:sweet_berries":105,"minecraft:stone_brick_slab":1,"minecraft:quartz":21,"minecraft:dandelion":4,"minecraft:gravel":178,"minecraft:spruce_sapling":48,"minecraft:spruce_log":156,"minecraft:crying_obsidian":2,"minecraft:spruce_door":3,"minecraft:spider_eye":7,"minecraft:pumpkin_seeds":49,"minecraft:stone_axe":30,"minecraft:iron_helmet":4,"minecraft:terracotta":1472,"minecraft:coal":429},"minecraft:killed_by":{"minecraft:creeper":3,"minecraft:drowned":4,"minecraft:zombie":5,"minecraft:player":2,"minecraft:spider":1,"minecraft:skeleton":5,"minecraft:phantom":1},"minecraft:broken":{"minecraft:shears":1,"minecraft:stone_pickaxe":13,"minecraft:stone_axe":2,"minecraft:iron_sword":2,"minecraft:stone_shovel":7,"minecraft:stone_sword":1,"minecraft:shield":1,"minecraft:iron_pickaxe":2},"minecraft:crafted":{"minecraft:brick":36,"minecraft:smooth_stone":2,"minecraft:oak_planks":216,"minecraft:cobblestone_slab":180,"minecraft:birch_boat":1,"minecraft:cooked_chicken":82,"minecraft:birch_slab":6,"minecraft:stone":437,"minecraft:stone_brick_slab":6,"minecraft:bow":1,"minecraft:iron_boots":2,"minecraft:mossy_cobblestone_slab":6,"minecraft:stone_pressure_plate":2,"minecraft:chest":3,"minecraft:dried_kelp_block":23,"minecraft:stone_hoe":5,"minecraft:oak_fence":3,"minecraft:stone_bricks":192,"minecraft:flower_pot":3,"minecraft:polished_diorite_slab":72,"minecraft:arrow":88,"minecraft:cooked_porkchop":10,"minecraft:map":2,"minecraft:crafting_table":5,"minecraft:spruce_planks":260,"minecraft:iron_helmet":2,"minecraft:spruce_door":3,"minecraft:hay_block":11,"minecraft:birch_planks":28,"minecraft:campfire":15,"minecraft:iron_chestplate":2,"minecraft:shield":2,"minecraft:stone_slab":6,"minecraft:birch_fence":24,"minecraft:stick":224,"minecraft:iron_ingot":127,"minecraft:compass":2,"minecraft:iron_pickaxe":3,"minecraft:gold_ingot":10,"minecraft:shears":1,"minecraft:wooden_sword":1,"minecraft:stone_shovel":29,"minecraft:stone_brick_wall":6,"minecraft:fishing_rod":2,"minecraft:iron_nugget":72,"minecraft:bone_meal":102,"minecraft:white_carpet":6,"minecraft:lantern":8,"minecraft:polished_diorite":36,"minecraft:iron_axe":3,"minecraft:ladder":9,"minecraft:yellow_glazed_terracotta":10,"minecraft:stone_pickaxe":26,"minecraft:cobblestone_wall":60,"minecraft:red_glazed_terracotta":25,"minecraft:blue_glazed_terracotta":32,"minecraft:cooked_beef":16,"minecraft:cooked_cod":19,"minecraft:dried_kelp":195,"minecraft:iron_sword":6,"minecraft:cooked_salmon":9,"minecraft:bucket":3,"minecraft:air":0,"minecraft:bread":33,"minecraft:oak_boat":4,"minecraft:white_wool":2,"minecraft:iron_leggings":2,"minecraft:torch":312},"minecraft:killed":{"minecraft:witch":1,"minecraft:spider":15,"minecraft:skeleton":23,"minecraft:chicken":10,"minecraft:salmon":6,"minecraft:creeper":2,"minecraft:sheep":1,"minecraft:trader_llama":2,"minecraft:zombie":47,"minecraft:phantom":2,"minecraft:drowned":14,"minecraft:wandering_trader":3,"minecraft:squid":2,"minecraft:enderman":1},"minecraft:mined":{"minecraft:spruce_planks":9,"minecraft:farmland":324,"minecraft:carved_pumpkin":2,"minecraft:granite":29,"minecraft:stone_brick_wall":1,"minecraft:grass_block":410,"minecraft:soul_soil":3,"minecraft:mud_bricks":79,"minecraft:oxeye_daisy":1,"minecraft:smooth_stone":1,"minecraft:tall_seagrass":3,"minecraft:magma_block":4,"minecraft:brown_stained_glass":1,"minecraft:iron_ore":46,"minecraft:cobbled_deepslate":1,"minecraft:fire":1,"minecraft:moss_carpet":2,"minecraft:pumpkin":4,"minecraft:deepslate_lapis_ore":1,"minecraft:cave_vines":2,"minecraft:flowering_azalea_leaves":47,"minecraft:dirt_path":4,"minecraft:azalea_leaves":141,"minecraft:azalea":4,"minecraft:deepslate_redstone_ore":2,"minecraft:brown_mushroom":19,"minecraft:kelp_plant":102,"minecraft:crimson_nylium":2,"minecraft:soul_fire":1,"minecraft:clay":11,"minecraft:torch":7,"minecraft:mud_brick_stairs":4,"minecraft:polished_diorite_slab":39,"minecraft:nether_quartz_ore":11,"minecraft:cobblestone":49,"minecraft:sugar_cane":119,"minecraft:bricks":101,"minecraft:wall_torch":20,"minecraft:birch_sapling":2,"minecraft:seagrass":3,"minecraft:blue_terracotta":36,"minecraft:mud":2,"minecraft:birch_log":34,"minecraft:wheat":101,"minecraft:warped_fungus":1,"minecraft:yellow_glazed_terracotta":16,"minecraft:oak_log":564,"minecraft:dirt":266,"minecraft:netherrack":9,"minecraft:yellow_terracotta":10,"minecraft:oak_leaves":423,"minecraft:deepslate":165,"minecraft:suspicious_gravel":1,"minecraft:tuff":14,"minecraft:mossy_cobblestone":84,"minecraft:oak_door":1,"minecraft:deepslate_diamond_ore":11,"minecraft:birch_fence_gate":2,"minecraft:spruce_leaves":208,"minecraft:moss_block":7,"minecraft:kelp":12,"minecraft:rooted_dirt":9,"minecraft:crimson_stem":8,"minecraft:large_fern":6,"minecraft:spruce_sapling":3,"minecraft:packed_mud":19,"minecraft:carrots":79,"minecraft:black_glazed_terracotta":2,"minecraft:andesite":2,"minecraft:cobblestone_slab":1,"minecraft:deepslate_iron_ore":47,"minecraft:potted_spruce_sapling":2,"minecraft:stone":1321,"minecraft:podzol":2,"minecraft:mud_brick_slab":4,"minecraft:flowering_azalea":2,"minecraft:soul_sand":20,"minecraft:lily_of_the_valley":1,"minecraft:stone_brick_slab":1,"minecraft:dandelion":3,"minecraft:spruce_door":1,"minecraft:crafting_table":1,"minecraft:cornflower":2,"minecraft:rose_bush":15,"minecraft:campfire":1,"minecraft:stone_slab":1,"minecraft:copper_ore":12,"minecraft:tall_grass":7,"minecraft:red_glazed_terracotta":1,"minecraft:deepslate_gold_ore":5,"minecraft:diorite":213,"minecraft:birch_planks":4,"minecraft:red_terracotta":33,"minecraft:coarse_dirt":4,"minecraft:sweet_berry_bush":37,"minecraft:white_carpet":2,"minecraft:spruce_log":137,"minecraft:coal_ore":105,"minecraft:gravel":151,"minecraft:cracked_stone_bricks":1,"minecraft:stone_bricks":3,"minecraft:birch_fence":2,"minecraft:fern":8},"minecraft:dropped":{"minecraft:iron_sword":3,"minecraft:lapis_lazuli":37,"minecraft:cooked_beef":25,"minecraft:cooked_porkchop":10,"minecraft:rooted_dirt":8,"minecraft:leather":1,"minecraft:flint":2,"minecraft:spruce_leaves":43,"minecraft:dirt":21,"minecraft:seagrass":6,"minecraft:cooked_cod":1,"minecraft:iron_pickaxe":2,"minecraft:fishing_rod":1,"minecraft:gold_ingot":25,"minecraft:bone":21,"minecraft:gravel":2,"minecraft:red_glazed_terracotta":1,"minecraft:stone_axe":4,"minecraft:sugar_cane":1,"minecraft:cooked_chicken":10,"minecraft:cobbled_deepslate":130,"minecraft:rotten_flesh":37,"minecraft:carrot":17,"minecraft:arrow":109,"minecraft:oak_leaves":35,"minecraft:egg":3,"minecraft:stone_hoe":4,"minecraft:water_bucket":3,"minecraft:iron_ingot":27,"minecraft:bread":8,"minecraft:wheat_seeds":4,"minecraft:golden_helmet":1,"minecraft:poisonous_potato":12,"minecraft:iron_helmet":1,"minecraft:cobblestone":66,"minecraft:lead":20,"minecraft:book":6,"minecraft:spectral_arrow":39,"minecraft:apple":3,"minecraft:granite":20,"minecraft:coal":1,"minecraft:torch":4,"minecraft:yellow_glazed_terracotta":12,"minecraft:fire_charge":2,"minecraft:iron_leggings":1,"minecraft:blue_glazed_terracotta":1,"minecraft:white_banner":3,"minecraft:string":3,"minecraft:bucket":2,"minecraft:spruce_sapling":1,"minecraft:kelp":8,"minecraft:sweet_berries":5,"minecraft:stone_sword":1,"minecraft:tuff":7,"minecraft:stone_shovel":31,"minecraft:iron_boots":1,"minecraft:shears":2,"minecraft:pumpkin_seeds":40,"minecraft:suspicious_stew":1,"minecraft:hay_block":11,"minecraft:stone":112,"minecraft:shield":1,"minecraft:spruce_planks":117,"minecraft:iron_chestplate":1,"minecraft:oak_boat":1,"minecraft:carved_pumpkin":1,"minecraft:spider_eye":2,"minecraft:stone_bricks":187,"minecraft:birch_boat":1,"minecraft:bow":2,"minecraft:stone_pickaxe":25},"minecraft:custom":{"minecraft:animals_bred":22,"minecraft:interact_with_crafting_table":122,"minecraft:leave_game":18,"minecraft:time_since_death":439739,"minecraft:sprint_one_cm":4875193,"minecraft:damage_blocked_by_shield":3443,"minecraft:drop":555,"minecraft:talked_to_villager":2,"minecraft:play_time":1636936,"minecraft:deaths":22,"minecraft:jump":18084,"minecraft:walk_on_water_one_cm":379569,"minecraft:interact_with_furnace":221,"minecraft:interact_with_cartography_table":9,"minecraft:interact_with_loom":1,"minecraft:sleep_in_bed":26,"minecraft:damage_dealt":23904,"minecraft:player_kills":1,"minecraft:crouch_one_cm":14291,"minecraft:mob_kills":134,"minecraft:climb_one_cm":2539,"minecraft:walk_one_cm":3763461,"minecraft:sneak_time":12102,"minecraft:walk_under_water_one_cm":275467,"minecraft:boat_one_cm":1596993,"minecraft:total_world_time":1636936,"minecraft:pot_flower":3,"minecraft:time_since_rest":54492,"minecraft:damage_taken":20208,"minecraft:swim_one_cm":521164,"minecraft:fly_one_cm":3209510,"minecraft:open_chest":972,"minecraft:fish_caught":13,"minecraft:fall_one_cm":384642},"minecraft:used":{"minecraft:moss_block":3,"minecraft:ladder":8,"minecraft:chest":4,"minecraft:shield":95,"minecraft:stone":86,"minecraft:iron_sword":787,"minecraft:rotten_flesh":1,"minecraft:spruce_leaves":130,"minecraft:iron_chestplate":2,"minecraft:mutton":1,"minecraft:lily_of_the_valley":1,"minecraft:carrot":253,"minecraft:tuff":7,"minecraft:grass_block":1,"minecraft:lantern":8,"minecraft:birch_sapling":2,"minecraft:packed_mud":1,"minecraft:iron_helmet":3,"minecraft:mossy_cobblestone_slab":3,"minecraft:stone_bricks":3,"minecraft:bow":1,"minecraft:sweet_berries":76,"minecraft:oak_sapling":3,"minecraft:yellow_glazed_terracotta":1,"minecraft:cooked_cod":43,"minecraft:egg":131,"minecraft:diorite":51,"minecraft:spruce_door":2,"minecraft:stone_pickaxe":1839,"minecraft:polished_diorite_slab":40,"minecraft:sugar_cane":14,"minecraft:oak_leaves":54,"minecraft:glow_berries":6,"minecraft:stone_brick_wall":7,"minecraft:shears":402,"minecraft:pumpkin_seeds":1,"minecraft:birch_fence":4,"minecraft:blue_glazed_terracotta":1,"minecraft:birch_fence_gate":2,"minecraft:birch_slab":5,"minecraft:bread":120,"minecraft:string":1,"minecraft:gravel":16,"minecraft:flowering_azalea_leaves":15,"minecraft:oak_fence":3,"minecraft:azalea":6,"minecraft:oak_boat":21,"minecraft:coarse_dirt":3,"minecraft:bone_meal":102,"minecraft:rose_bush":15,"minecraft:stone_sword":151,"minecraft:carved_pumpkin":1,"minecraft:stone_shovel":1053,"minecraft:spruce_planks":18,"minecraft:cooked_salmon":9,"minecraft:stone_hoe":47,"minecraft:cooked_chicken":45,"minecraft:torch":332,"minecraft:dirt":1140,"minecraft:white_carpet":9,"minecraft:cobblestone_wall":1,"minecraft:golden_chestplate":1,"minecraft:granite":3,"minecraft:fern":1,"minecraft:stone_brick_slab":4,"minecraft:flowering_azalea":2,"minecraft:iron_axe":460,"minecraft:iron_boots":1,"minecraft:mud_bricks":1,"minecraft:stone_pressure_plate":2,"minecraft:cooked_beef":22,"minecraft:cobbled_deepslate":5,"minecraft:pumpkin":2,"minecraft:iron_leggings":2,"minecraft:wheat_seeds":113,"minecraft:water_bucket":106,"minecraft:birch_planks":2,"minecraft:birch_boat":8,"minecraft:red_glazed_terracotta":5,"minecraft:cobblestone_slab":23,"minecraft:salmon":1,"minecraft:mossy_cobblestone":2,"minecraft:crafting_table":4,"minecraft:campfire":15,"minecraft:spruce_log":15,"minecraft:oak_log":1,"minecraft:oxeye_daisy":1,"minecraft:flower_pot":3,"minecraft:cornflower":2,"minecraft:apple":2,"minecraft:chicken":1,"minecraft:iron_pickaxe":684,"minecraft:map":2,"minecraft:stone_slab":6,"minecraft:spruce_sapling":15,"minecraft:stone_axe":443,"minecraft:fishing_rod":19,"minecraft:cobblestone":120,"minecraft:azalea_leaves":19,"minecraft:cooked_porkchop":28,"minecraft:bucket":109,"minecraft:pumpkin_pie":1,"minecraft:dandelion":4,"minecraft:smooth_stone":1}},"DataVersion":3465}